RegionName,RegionType,StateName,1/31/2019,2/28/2019,3/31/2019,4/30/2019,5/31/2019,6/30/2019,7/31/2019,8/31/2019,9/30/2019,10/31/2019,11/30/2019,12/31/2019
United States,Country,,241158,242103,242915,243616,244265,244868,245422,245984,246619,247336,248074,248905
"New York, NY",Msa,NY,476721,477597,478493,479494,480179,480376,480345,480072,479608,479071,478777,479314
"Los Angeles-Long Beach-Anaheim, CA",Msa,CA,668258,666101,664753,664321,665292,666314,665375,666103,668826,673144,675164,676981
"Chicago, IL",Msa,IL,240353,241096,241561,242069,242128,242055,242015,241946,241943,241835,241842,242056
"Dallas-Fort Worth, TX",Msa,TX,253033,254173,254817,254861,254984,254987,255061,255761,256925,257487,257739,257634
"Philadelphia, PA",Msa,PA,243894,244643,245504,246159,246789,247015,247447,247896,248369,248783,249288,250165
"Houston, TX",Msa,TX,216792,217633,218123,218147,218244,218672,219145,219588,219893,220622,221351,222000
"Washington, DC",Msa,DC,427306,429258,430543,431323,431620,431875,431795,432663,433960,435947,437744,439170
"Miami-Fort Lauderdale, FL",Msa,FL,299185,299365,299912,300321,300605,301131,301441,301562,301491,302079,302840,303268
"Atlanta, GA",Msa,GA,234624,235722,236879,238119,239132,239536,240027,240738,241717,242517,243282,244373
"Boston, MA",Msa,MA,487988,488850,488486,487645,487076,487537,487673,488394,489767,491180,492452,493952
"San Francisco, CA",Msa,CA,1130369,1126380,1124987,1124476,1123900,1123338,1122781,1120176,1119917,1118442,1118711,1122476
"Detroit, MI",Msa,MI,173414,174460,175092,175674,176512,177306,177822,177833,177958,178076,178387,178732
"Riverside, CA",Msa,CA,374341,375483,377206,378184,378969,379355,379655,380225,380400,381938,382739,384994
"Phoenix, AZ",Msa,AZ,266810,268098,269471,270337,271133,271920,273036,274908,276524,278195,279779,281818
"Seattle, WA",Msa,WA,518589,517984,517454,515435,514352,512860,512692,513577,514749,516193,519685,525452
"Minneapolis-St Paul, MN",Msa,MN,286027,287415,287887,288315,288724,289455,289897,290192,290982,292094,293502,295156
"San Diego, CA",Msa,CA,590607,588246,587883,590935,592574,594459,596744,598744,599318,599881,601915,604447
"St. Louis, MO",Msa,MO,177866,179120,180017,180335,180477,180556,180681,180739,180965,181353,181799,182643
"Tampa, FL",Msa,FL,219676,220404,220758,221107,221758,222146,222758,223247,223748,224268,225292,226328
"Baltimore, MD",Msa,MD,294661,295235,295747,296084,296281,296336,296535,296381,296159,295779,295927,296535
"Denver, CO",Msa,CO,440120,441283,442349,443223,442743,442567,442178,442483,442911,443670,444621,446514
"Pittsburgh, PA",Msa,PA,156143,157076,157691,157962,158575,159297,159933,160142,160242,160722,161515,162458
"Portland, OR",Msa,OR,416702,417994,418088,417807,417136,416446,415442,415149,415494,417342,419425,421401
"Charlotte, NC",Msa,NC,232293,233214,233925,234508,235291,236061,236702,237519,238584,240261,242044,243781
"Sacramento, CA",Msa,CA,417152,417695,417945,419567,421699,423110,423197,423061,424039,425128,427616,430222
"San Antonio, TX",Msa,TX,227748,229381,230127,230995,231548,232203,232857,233536,234701,235421,236184,236059
"Orlando, FL",Msa,FL,248791,250369,251415,251677,252195,252742,253302,253508,254020,254460,255498,256361
"Cincinnati, OH",Msa,OH,180257,181774,183135,183755,183991,184278,184820,185448,186378,186984,187513,187966
"Cleveland, OH",Msa,OH,151888,152432,153093,153437,154332,154766,155529,155963,156367,156611,156766,157403
"Kansas City, MO",Msa,MO,201490,202615,203221,203740,203884,204121,204510,205040,205658,206325,206890,207590
"Las Vegas, NV",Msa,NV,287740,289569,289952,291139,291609,291561,290101,288646,287420,287609,289019,290475
"Columbus, OH",Msa,OH,202922,204452,206013,207094,208249,209123,209702,210021,210722,211712,212486,213597
"Indianapolis, IN",Msa,IN,179365,180115,180454,180435,181138,181657,182290,182791,183917,185007,186098,186764
"San Jose, CA",Msa,CA,1300270,1279404,1264296,1258129,1251087,1239869,1228343,1219430,1223580,1223209,1226974,1229069
"Austin, TX",Msa,TX,328675,331510,333208,334118,334455,335130,335793,336666,338259,338243,338443,338663
"Virginia Beach, VA",Msa,VA,240223,240992,241925,242672,242994,243295,243680,244152,244813,245552,246083,246438
"Nashville, TN",Msa,TN,278304,279351,280473,281100,281799,282600,283404,283894,284357,285178,286270,287302
"Providence, RI",Msa,RI,311693,311669,312720,314061,315294,315684,316178,316388,316851,317356,319049,320231
"Milwaukee, WI",Msa,WI,193607,195182,196732,198389,198693,198441,198548,198840,199204,199824,200375,201780
"Jacksonville, FL",Msa,FL,225269,226060,226908,227962,228593,229485,230032,230680,231138,232076,232304,232794
"Memphis, TN",Msa,TN,149443,150604,151707,152536,153417,153993,154435,154931,155541,156363,157402,158688
"Oklahoma City, OK",Msa,OK,153681,154262,154461,154675,154842,155515,156351,157207,157944,158770,159602,160213
"Louisville-Jefferson County, KY",Msa,KY,173692,174394,175078,175884,176866,177691,178219,178733,179450,180296,181093,182132
"Hartford, CT",Msa,CT,237805,238122,238274,238555,238344,238541,238413,238510,238555,238886,239341,239637
"Richmond, VA",Msa,VA,242418,243467,244251,244949,245516,246304,247238,248326,249223,250160,250446,251081
"New Orleans, LA",Msa,LA,199919,199924,201099,201983,203027,203434,203688,203798,204269,204621,204945,206526
"Buffalo, NY",Msa,NY,166516,167438,169093,169976,171179,171852,172417,172684,172965,173317,174099,174921
"Raleigh, NC",Msa,NC,277886,279666,280863,281559,281570,282026,282618,282985,283523,284568,286031,287060
"Birmingham, AL",Msa,AL,165472,166135,166765,167200,167686,168609,169889,170951,171536,172204,173061,174260
"Salt Lake City, UT",Msa,UT,370272,374227,376693,377072,377027,377616,378836,380945,383059,384044,384521,385214
"Rochester, NY",Msa,NY,151788,152814,153657,154472,155072,155788,156123,156642,157104,157577,157938,158158
"Grand Rapids, MI",Msa,MI,210398,211422,212445,213848,215485,216425,216848,216425,216712,217435,219582,221297
"Tucson, AZ",Msa,AZ,207963,209057,210017,210928,211627,212922,214057,215196,216337,217146,218712,221131
"Urban Honolulu, HI",Msa,HI,723358,725597,727575,726888,725348,725105,725839,725457,723204,721331,718143,714908
"Tulsa, OK",Msa,OK,146233,146579,147060,147244,147317,147499,147793,148148,148546,149219,149958,150473
"Fresno, CA",Msa,CA,264013,264863,266431,267056,266739,266758,267968,269617,270176,270924,271220,271735
"Worcester, MA",Msa,MA,289551,289278,288789,289684,291423,293133,293751,294374,294470,295677,296683,298180
"Stamford, CT",Msa,CT,427987,427563,426653,427587,428352,426119,423667,421846,421943,423959,424699,425099
"Albuquerque, NM",Msa,NM,201904,202747,203431,204297,205279,206324,207397,208511,209691,210375,211339,212604
"Albany, NY",Msa,NY,200795,201768,202743,203355,203664,203630,203568,203114,203077,202978,203750,204778
"Omaha, NE",Msa,NE,196849,197273,197552,197780,198179,198795,199863,201185,202408,203446,204605,205777
"New Haven, CT",Msa,CT,231171,231736,231961,232758,233348,233524,233848,233799,233800,233092,233239,233097
"Bakersfield, CA",Msa,CA,224163,225616,226612,226738,227424,228542,229353,230248,230665,231155,231882,232391
"Knoxville, TN",Msa,TN,185720,187216,188322,189585,190488,191435,191727,192350,193241,194358,195494,196445
"Greenville, SC",Msa,SC,201978,202739,203160,204058,204902,205662,206447,207266,208035,208756,209403,210195
"Ventura, CA",Msa,CA,615501,615275,615430,616805,617520,616086,614317,614279,616249,618924,619629,622714
"Allentown, PA",Msa,PA,208986,209441,209977,210023,210635,211116,211556,211612,211819,212150,212839,213128
"El Paso, TX",Msa,TX,132611,133319,134241,135316,136445,137555,138296,138794,137953,136903,136229,136794
"Baton Rouge, LA",Msa,LA,190664,190971,190423,189809,189297,189220,189374,189277,188954,188511,188382,188882
"Dayton, OH",Msa,OH,128695,129214,129555,130328,131337,132576,133422,133928,134199,134925,135675,136473
"McAllen, TX",Msa,TX,114894,115370,115726,116329,117032,117654,118456,118864,119380,119161,119308,119736
"Columbia, SC",Msa,SC,157493,157937,158159,158448,159011,159683,160278,160792,161263,161892,162526,163117
"Greensboro, NC",Msa,NC,146655,147501,148400,149467,150481,151366,152025,152608,153410,154088,154863,155372
"Akron, OH",Msa,OH,146792,147622,148441,148992,149504,150683,151537,152024,152225,152352,152528,152854
"North Port-Sarasota-Bradenton, FL",Msa,FL,278021,279044,279468,279263,278765,279032,280088,280326,280423,279973,280542,281216
"Little Rock, AR",Msa,AR,149770,150136,150072,150114,150052,150209,150240,150516,150783,151301,151643,151996
"Stockton, CA",Msa,CA,371509,370781,373071,373648,375076,375568,375968,376334,375972,375966,376298,378222
"Charleston, SC",Msa,SC,274464,275298,276235,277139,277749,278084,278322,278531,278859,279080,279491,279978
"Syracuse, NY",Msa,NY,140630,140666,140474,140958,141702,142562,143234,143633,144223,144809,145510,145860
"Colorado Springs, CO",Msa,CO,306750,308335,309045,309299,309345,310046,311552,314006,317014,319485,321217,322551
"Winston-Salem, NC",Msa,NC,151319,152139,153068,154258,155201,156076,156852,157571,158155,158703,159476,160387
"Wichita, KS",Msa,KS,138416,138685,138936,139530,140339,141328,142073,142505,142840,143187,143562,143819
"Springfield, MA",Msa,MA,228916,228836,228894,230079,231813,232849,233511,233467,234191,234831,235524,236171
"Fort Myers, FL",Msa,FL,241582,241316,240319,241070,240709,240920,241658,242621,243083,242394,241960,241234
"Boise City, ID",Msa,ID,289586,292183,294883,296315,297302,297821,299313,301976,305170,308698,311657,314620
"Toledo, OH",Msa,OH,118181,118645,118902,119018,119601,120304,121616,122462,123297,123620,124036,124542
"Madison, WI",Msa,WI,276079,278153,279359,280212,280197,280398,280509,281183,281800,283318,284117,285623
"Lakeland, FL",Msa,FL,186205,187229,187885,187901,188865,189550,190440,190619,190229,190104,191021,192754
"Ogden, UT",Msa,UT,311450,313667,316573,318170,319086,319644,320591,321658,322829,324096,326208,328218
"Daytona Beach, FL",Msa,FL,212235,213020,214392,215648,217101,217950,218906,219997,220963,221811,222740,223488
"Des Moines, IA",Msa,IA,203287,204501,205380,205747,205605,206092,206472,207156,207251,207461,207636,208070
"Jackson, MS",Msa,MS,136959,137493,137905,138652,138846,139281,139525,139966,140101,140650,140805,141205
"Youngstown, OH",Msa,OH,96021,96758,97648,97991,97726,97540,97349,97497,98042,98915,99853,100087
"Augusta, GA",Msa,GA,152603,152967,153542,154136,154541,154751,155025,155347,155643,156026,156313,156749
"Scranton, PA",Msa,PA,115686,116101,116694,117302,117706,117958,118401,119106,119671,120137,120482,120908
"Harrisburg, PA",Msa,PA,188547,189064,189481,189769,189946,190361,190818,191256,191887,192403,192921,193225
"Melbourne, FL",Msa,FL,221106,223442,223923,223931,222658,222884,223345,223549,222992,223155,224052,225562
"Chattanooga, TN",Msa,TN,172048,173327,174753,175640,176515,177011,177581,178274,178999,179754,180032,180335
"Spokane, WA",Msa,WA,255480,258136,260574,262728,265165,267523,268628,269042,269893,271538,272811,274812
"Provo, UT",Msa,UT,358803,359767,361176,362398,363132,364484,365847,367665,368829,369548,370223,370621
"Lancaster, PA",Msa,PA,231430,231840,231038,230465,230386,231208,232108,233026,233533,234080,234243,234408
"Modesto, CA",Msa,CA,320208,320836,320511,323154,324296,325673,324501,325029,325203,327699,328877,330814
"Portland, ME",Msa,ME,306754,306489,306434,308078,309514,311032,312400,313670,315408,317588,319910,321160
"Durham, NC",Msa,NC,265092,266380,267378,268494,269610,270545,271110,272014,273092,274504,275286,276100
"Santa Rosa, CA",Msa,CA,658887,652877,648842,645697,647119,650669,652690,652757,651196,651167,647618,645760
"Lexington, KY",Msa,KY,188983,190410,191209,191778,192373,193002,193567,194189,194662,195315,195954,196820
"Lafayette, LA",Msa,LA,156594,156720,156711,157128,157598,158122,158567,159200,159784,160105,159855,159609
"Lansing, MI",Msa,MI,159497,160339,161324,162226,162933,163303,163245,163310,163920,165082,165974,166544
"Fayetteville, AR",Msa,AR,191314,191677,192166,192963,193908,194629,195607,196682,197550,198135,198621,199581
"Pensacola, FL",Msa,FL,183192,183797,183671,183590,184132,184986,186009,186811,187572,188382,189071,189850
"Visalia, CA",Msa,CA,225055,224780,224398,225054,226323,227092,226175,225865,226397,228441,228454,228619
"Shreveport, LA",Msa,LA,117537,116629,115738,115201,115097,114691,114339,114076,113772,113750,113963,114633
"Springfield, MO",Msa,MO,152390,153129,153984,154623,155484,156273,157260,157885,158633,159258,160355,161001
"York, PA",Msa,PA,188002,188568,189144,189641,189938,190077,191050,192266,193117,193887,194519,195718
"Corpus Christi, TX",Msa,TX,162856,162820,163184,163458,163839,163668,163676,164226,165215,166335,166956,167944
"Flint, MI",Msa,MI,118687,119495,120596,121963,123293,124450,125684,126009,126443,126499,127581,128132
"Reno, NV",Msa,NV,380763,383573,385773,386062,385977,385493,384084,381887,381481,382885,384684,385961
"Asheville, NC",Msa,NC,268346,269208,270227,271038,271338,271708,272264,273106,274506,275396,276497,276885
"Port St. Lucie, FL",Msa,FL,234029,235108,235679,237014,237830,238341,238389,238505,238812,239162,239603,240482
"Santa Maria-Santa Barbara, CA",Msa,CA,646704,647873,644871,643045,641503,643133,641830,642093,641055,644515,646688,650992
"Huntsville, AL",Msa,AL,183858,184192,184597,185382,186185,187146,187794,188576,189543,190563,191894,193814
"Fort Wayne, IN",Msa,IN,142902,143773,145030,146124,147118,147618,148372,149120,150040,150820,151605,152300
"Salinas, CA",Msa,CA,596499,600120,601998,602530,600925,600887,598700,598407,597177,598809,600019,601730
"Vallejo, CA",Msa,CA,448487,446761,446901,449321,451045,451579,453047,454383,455861,456950,455986,453750
"Mobile, AL",Msa,AL,124017,124383,124790,124939,125054,125458,125975,126573,127091,127889,128677,129584
"Reading, PA",Msa,PA,184302,184950,185409,185429,185552,186149,186594,187078,187519,188463,189651,191112
"Brownsville, TX",Msa,TX,104189,105336,106222,106374,106282,106594,106967,107652,107734,107760,107357,107917
"Killeen, TX",Msa,TX,153940,154285,154692,155318,156042,156910,157789,158320,158905,159672,160634,161687
"Canton, OH",Msa,OH,129771,130644,131395,131822,132321,132892,133692,134214,134840,135474,136340,137103
"Beaumont, TX",Msa,TX,128078,128337,128704,129182,129687,130133,130636,131239,131878,131691,131228,130725
"Manchester, NH",Msa,NH,295750,297148,297933,298556,299471,300558,301638,302003,302503,303576,305305,306964
"Salem, OR",Msa,OR,307559,309582,310820,310854,310828,311497,312591,313381,313704,313306,313806,314931
"Anchorage, AK",Msa,AK,300849,,308031,,,318136,317041,318433,,332817,336029,328413
"Davenport, IL",Msa,IL,130354,130554,130588,130584,130768,131144,131485,131911,132501,133055,133507,133722
"Peoria, IL",Msa,IL,113871,113810,113623,113694,113703,113803,113775,113816,113766,113994,114150,114549
"Myrtle Beach, SC",Msa,SC,206820,207810,208193,208660,208471,208534,209100,209634,210183,210377,211014,211585
"Montgomery, AL",Msa,AL,134745,135190,135325,135520,135646,136207,136555,136953,137388,137710,137915,137952
"Salisbury, MD",Msa,DE,257063,257231,256868,256870,256903,257427,257684,258392,258994,259614,260026,260473
"Gulfport, MS",Msa,MS,136660,136714,136970,137684,138773,139683,140429,140696,141132,141330,141814,142141
"Tallahassee, FL",Msa,FL,179332,179584,179207,179484,179710,180502,180589,180637,180723,181418,182054,182684
"Trenton, NJ",Msa,NJ,251110,250962,253393,255520,258218,258811,258617,257476,256060,255797,256168,257571
"Fayetteville, NC",Msa,NC,129894,130379,130837,131603,131799,131894,131845,132139,132389,132613,133231,133953
"Hickory, NC",Msa,NC,149398,150131,150853,151644,152440,153218,153962,154815,155738,156657,157271,157736
"Huntington, WV",Msa,WV,101328,101716,102101,102542,102965,103386,103756,104158,104598,105037,105107,105130
"Eugene, OR",Msa,OR,301447,302838,304480,305699,306291,307555,308276,309844,310671,313290,315011,318105
"Rockford, IL",Msa,IL,118967,119334,120706,121811,123080,123547,123447,123571,123373,123560,123614,123359
"Savannah, GA",Msa,GA,198441,199210,200147,200906,201541,201846,202706,203198,204176,204659,205151,205468
"Ann Arbor, MI",Msa,MI,297107,299236,301096,301448,302064,302595,303223,303410,302062,300513,299532,299981
"Ocala, FL",Msa,FL,155934,157345,158597,159431,159988,160422,160936,161639,162365,163259,163713,164711
"Kalamazoo, MI",Msa,MI,169450,170219,171652,173260,174241,174415,174255,174546,175090,175594,176290,177297
"Naples, FL",Msa,FL,350064,348962,348681,349164,349451,347934,347506,347019,346160,345005,344845,346514
"South Bend, IN",Msa,IN,130608,131218,132262,132815,133639,134202,134777,135613,136001,136489,136566,136850
"Spartanburg, SC",Msa,SC,152615,153823,154633,155211,155693,156414,157055,157498,158061,158696,159585,160251
"Evansville, IN",Msa,IN,137706,138294,138977,139390,139801,140239,140663,141382,141954,142624,143046,143666
"Kingsport, TN",Msa,TN,127853,128024,128483,129245,129978,130623,130783,131117,131382,131963,132296,132663
"Roanoke, VA",Msa,VA,176339,177411,178568,179523,180551,181131,181787,182484,183271,184111,184343,184589
"Green Bay, WI",Msa,WI,176813,177679,178800,179600,180253,181141,181905,182690,182742,183078,183427,184444
"Lincoln, NE",Msa,NE,199318,200079,201262,202659,203700,204436,204476,204366,204267,204664,205458,205985
"Fort Collins, CO",Msa,CO,409241,411565,413166,413383,412718,411336,411673,411766,412970,412885,414131,415874
"Utica, NY",Msa,NY,131781,132332,133272,133492,133715,133820,134454,135039,135573,136160,136961,137916
"Columbus, GA",Msa,GA,122658,122995,123519,124151,124268,124515,124775,125264,125585,126114,126747,127342
"Boulder, CO",Msa,CO,567922,570084,572606,575035,576682,577123,576694,576770,576844,575706,575725,577788
"Lubbock, TX",Msa,TX,157605,158089,158373,158895,158954,159101,159569,160105,160708,,152703,149015
"Erie, PA",Msa,PA,128902,129161,129389,129839,130183,130526,130738,130973,131212,131587,131983,132383
"Fort Smith, AR",Msa,AR,108981,109340,109564,109818,110126,110435,110648,110923,111377,111928,112535,113042
"Duluth, MN",Msa,MN,161252,161932,163146,164239,165649,166519,167378,168213,169023,169646,170431,171277
"Atlantic City, NJ",Msa,NJ,195494,197562,199441,200609,201599,201985,202563,202896,203632,203728,203381,203548
"New London, CT",Msa,CT,245962,246827,248169,249488,249801,250181,250853,250780,250997,250690,250502,250453
"San Luis Obispo, CA",Msa,CA,626401,625273,626937,629094,634121,633331,629035,628435,631053,635017,634894,634503
"Gainesville, FL",Msa,FL,192590,193651,193759,194703,195322,196122,196715,197704,199121,200028,200390,201106
"Santa Cruz, CA",Msa,CA,880784,885072,882867,886989,882768,882338,878573,872886,871064,871832,871822,870510
"Clarksville, TN",Msa,TN,169805,170438,170787,171126,171513,171883,172362,172720,173387,174013,174948,175681
"Cedar Rapids, IA",Msa,IA,158051,158803,159539,160228,160218,160347,160433,160742,160921,161062,161547,162021
"Merced, CA",Msa,CA,275807,275493,275284,276816,278384,279654,279510,279659,279335,279483,279149,279284
"Wilmington, NC",Msa,NC,251405,251794,252089,253249,254127,255660,256745,258195,259384,260421,261496,263174
"Kennewick, WA",Msa,WA,283304,287685,291784,295574,299830,302631,304654,306455,307710,308619,308556,310257
"Greeley, CO",Msa,CO,377204,379034,379938,380237,379342,379679,379942,381323,382469,383337,384208,384364
"Waco, TX",Msa,TX,158871,159854,160507,160778,161504,161961,162600,162852,164104,164569,164890,165238
"Olympia, WA",Msa,WA,323745,324900,326118,326384,328459,330330,332274,332864,333779,335560,338888,342372
"Amarillo, TX",Msa,TX,143495,143883,144065,144067,144195,144338,144751,145147,145774,146102,146402,146644
"Binghamton, NY",Msa,NY,119978,119519,119853,120469,120618,120452,120188,119810,119712,119663,119865,120038
"Hagerstown, WV",Msa,MD,196323,197098,197940,198367,198467,199197,199790,200066,199672,199145,199086,199717
"Bremerton, WA",Msa,WA,370982,375943,379300,381048,380786,380889,381781,380954,382578,384834,389506,391925
"Laredo, TX",Msa,TX,151437,151686,152168,152361,152669,,,,,169510,167564,164926
"Lynchburg, VA",Msa,VA,178844,179357,180210,181131,181946,182786,183404,183824,183998,184063,184023,184418
"Yakima, WA",Msa,WA,216842,217769,218680,219663,221639,223799,226079,228990,231042,232425,234589,237340
"Crestview-Fort Walton Beach-Destin, FL",Msa,FL,268340,269104,269483,272035,273571,274918,275597,276335,277539,279040,281022,282903
"Topeka, KS",Msa,KS,126746,127535,128518,129283,129926,129610,129538,129886,131103,132024,132377,132867
"Macon-Bibb County, GA",Msa,GA,104960,105552,106249,106681,107141,107717,108376,109087,109558,110207,110247,110386
"Champaign-Urbana, IL",Msa,IL,143125,144390,145270,145431,144996,144967,145089,144914,144836,144593,144971,145391
"Tuscaloosa, AL",Msa,AL,161257,162323,163256,163666,164292,164427,165187,165874,166770,167414,168013,168425
"College Station, TX",Msa,TX,217368,217726,218089,218447,219055,219472,219814,220196,220941,,,
"Sioux Falls, SD",Msa,SD,221421,222053,222444,222883,223516,224135,224657,225023,225441,226034,226517,227366
"Charleston, WV",Msa,WV,100704,101035,100970,100709,100519,100424,100269,100073,99851,99870,99639,99512
"Appleton, WI",Msa,WI,184462,184738,185517,186658,187517,188184,188656,189619,190318,191269,192313,193783
"Chico, CA",Msa,CA,307018,316026,322136,326332,329349,332779,335930,337947,339303,340773,342832,343046
"Charlottesville, VA",Msa,VA,305150,306112,307010,308256,309408,310945,312200,313430,314741,315979,315955,315683
"Claremont, NH",Msa,NH,216069,216535,216984,217818,218884,220005,221119,222264,223331,224146,224638,225134
"Barnstable Town, MA",Msa,MA,437973,436360,436295,437540,441799,444056,443475,441579,440080,438474,437447,436831
"Longview, TX",Msa,TX,160990,162060,164024,165993,166875,166540,166189,165534,164645,163433,163463,164087
"Burlington, VT",Msa,VT,303007,304196,305637,306615,307340,308070,309223,310860,312227,312869,313198,313676
"Prescott, AZ",Msa,AZ,305679,306688,307297,308242,309503,311313,312760,313606,314087,314119,314304,314689
"Springfield, IL",Msa,IL,135754,135930,136002,136059,136233,136175,136189,136092,136415,136663,136902,136858
"Tyler, TX",Msa,TX,175650,175981,177025,178460,181325,182548,184562,185446,187624,,181983,179364
"Las Cruces, NM",Msa,NM,191352,191841,191332,190424,190609,191140,191880,191808,191613,188277,184591,180486
"Fargo, ND",Msa,ND,229787,230663,230782,230283,229494,229435,229879,230410,230877,231425,231938,232550
"Houma, LA",Msa,LA,156632,157181,157483,157850,158358,159042,159297,159422,159577,,,
"Rochester, MN",Msa,MN,230474,231315,232002,232735,233347,234093,235221,236608,238102,239533,240189,240773
"Florence, SC",Msa,SC,121619,121982,122209,122519,122759,122969,123067,123123,123393,123907,124263,124604
"Medford, OR",Msa,OR,318112,319605,319737,318721,317705,317377,317005,316494,315646,316136,317307,320160
"Lafayette-West Lafayette, IN",Msa,IN,160716,161137,161623,162767,164010,165234,165616,166440,167368,168529,169593,170687
"Bellingham, WA",Msa,WA,401075,404711,408587,410269,411079,411907,413056,414238,416294,417836,420345,423770
"Lake Havasu City, AZ",Msa,AZ,222350,224200,225434,226021,226593,227714,229648,231045,232004,232937,233525,235086
"Saginaw, MI",Msa,MI,94164,95015,95731,96442,96902,97765,98249,98958,99441,100352,101090,101016
"Lake Charles, LA",Msa,LA,195861,194995,193853,193965,195113,196637,197332,197734,197624,197495,197160,196853
"Johnson City, TN",Msa,TN,148242,148578,148978,149572,150133,150562,150846,151262,151598,151940,152227,152827
"Elkhart, IN",Msa,IN,160796,161789,162446,162867,162698,163013,163107,164274,165192,166386,167113,166993
"Yuma, AZ",Msa,AZ,157759,158233,159487,161125,161573,161761,161601,161940,162111,162218,163155,165466
"Racine, WI",Msa,WI,160140,161661,163109,164283,164661,164389,164397,165063,165843,166402,166723,166823
"Athens, GA",Msa,GA,202002,202981,204602,205853,207276,208348,209245,209943,211637,213871,214829,215419
"Torrington, CT",Msa,CT,241589,240879,241936,243613,245481,245704,245646,245925,246367,246733,246795,247218
"St. Cloud, MN",Msa,MN,212244,211913,211512,211980,213591,215514,217091,218061,218854,218713,218259,217384
"Hilton Head Island, SC",Msa,SC,313126,312983,313607,315201,316363,316457,316398,316317,316555,316698,317372,318177
"Bloomington, IL",Msa,IL,152631,152552,152341,152029,152042,152031,152229,152310,152776,153250,153817,154080
"Hilo, HI",Msa,HI,367993,371616,376316,376978,377659,377546,379875,382779,384959,385861,385371,385226
"Panama City, FL",Msa,FL,223092,222158,221182,221849,222122,222398,223279,224224,225373,226098,227710,229537
"Kingston, NY",Msa,NY,232153,233148,234605,236848,238449,238505,238696,239679,241514,242603,242697,242695
"Daphne, AL",Msa,AL,215446,216437,217408,218137,218852,219629,220071,220527,220494,220952,221852,223740
"Gainesville, GA",Msa,GA,231620,233058,233193,233659,233288,233841,234374,235624,236528,237228,237382,237625
"Warner Robins, GA",Msa,GA,142104,142728,143340,143921,144312,144643,145036,145681,146404,147080,147380,147691
"Blacksburg, VA",Msa,VA,188280,189361,190478,191707,192985,194256,195605,196922,198325,199054,,
"Jacksonville, NC",Msa,NC,161902,163409,164583,165865,167018,168352,169534,170342,171238,172347,173614,174326
"Redding, CA",Msa,CA,271689,273243,273803,275070,277245,280595,282105,282209,282406,282815,283285,283831
"Monroe, LA",Msa,LA,136451,136386,136948,137334,137630,137629,137726,137594,137374,136926,136781,137028
"Joplin, MO",Msa,MO,126825,127603,128371,129273,129934,130463,130908,131187,131533,132916,,132242
"El Centro, CA",Msa,CA,216400,215618,215571,216880,217991,219341,220038,220002,218290,217716,218168,220526
"Terre Haute, IN",Msa,IN,94363,94797,95279,95730,96108,96410,96741,97116,,,96055,
"Muskegon, MI",Msa,MI,137316,138941,140027,141118,141742,142056,141914,142069,142384,143176,143948,145152
"East Stroudsburg, PA",Msa,PA,163987,164607,165431,166840,168256,169440,170398,171121,172008,172716,173726,174448
"Sioux City, IA",Msa,IA,142645,143418,144154,145014,145626,146322,147027,147869,,145030,143249,143550
"Greenville, NC",Msa,NC,139000,139638,140063,140649,141030,141748,142349,143083,143610,144102,144684,145267
"Waterloo, IA",Msa,IA,140400,140811,141119,141510,141875,142254,142649,142876,143006,143026,143190,143340
"Oshkosh, WI",Msa,WI,147916,148279,148938,149425,150119,150826,151816,152920,154039,155600,156671,157839
"Yuba City, CA",Msa,CA,293463,294661,295285,295926,297527,299601,301332,302908,304980,306767,307860,307915
"Abilene, TX",Msa,TX,133718,133973,134329,134828,135280,135515,135732,136749,137796,138461,137429,136506
"Columbia, MO",Msa,MO,192904,193732,194432,194908,195064,195114,195156,195359,196090,197180,198573,199643
"Dover, DE",Msa,DE,223787,223928,224140,224145,225217,226539,227578,228666,229431,229943,230075,230644
"Eau Claire, WI",Msa,WI,180055,180376,181130,181829,182340,183080,183718,185376,186511,187934,189200,190641
"Janesville, WI",Msa,WI,144092,145192,145119,146009,146872,149017,149806,150012,149973,150588,151724,152692
"Jackson, MI",Msa,MI,146062,146579,147772,148128,148471,148677,148956,149265,149596,149846,150207,150096
"Punta Gorda, FL",Msa,FL,223919,226266,227481,228482,228111,227666,227767,227870,227772,227509,227823,228064
"Bloomington, IN",Msa,IN,194607,195522,196913,198526,199787,201110,202114,203152,204129,205304,206373,207580
"Pueblo, CO",Msa,CO,184687,186341,187594,188932,190167,191740,192970,193448,194035,194734,196177,197329
"Billings, MT",Msa,MT,259118,260656,262650,262715,261987,261670,260446,262036,261619,261763,260867,262259
"Bowling Green, KY",Msa,KY,163585,164589,165172,166154,166864,167616,168253,168720,169488,170205,170779,171121
"Bend, OR",Msa,OR,418870,418321,421436,420969,421519,420593,421299,423913,425852,428030,429967,432493
"Albany, GA",Msa,GA,110077,110522,110978,111366,111750,112159,112615,112984,113235,113397,,
"Vineland, NJ",Msa,NJ,140533,140006,139539,140195,140423,140392,139599,139103,138161,137987,137669,138987
"Niles, MI",Msa,MI,174045,175520,177434,178682,180112,181815,183537,184276,185149,185681,186295,186487
"Kahului, HI",Msa,HI,698601,697496,698414,700130,707390,713375,718204,718235,719965,718984,718268,715793
"Ottawa, IL",Msa,IL,114161,114442,114654,115091,115529,116031,116415,,113945,112460,113024,113896
"State College, PA",Msa,PA,246818,248544,249462,249447,249236,249431,250227,251270,251709,252258,252434,252685
"Bangor, ME",Msa,ME,155360,155819,155441,155682,155928,156495,157094,157034,157530,158688,159744,160295
"Alexandria, LA",Msa,LA,159003,158097,158291,157991,157503,157224,157213,157119,157028,156053,155545,155162
"Decatur, AL",Msa,AL,129420,130199,130876,131841,132548,133231,133499,133897,134452,135141,135834,136150
"Hanford, CA",Msa,CA,231055,231640,231422,231384,232033,232622,231943,231168,230831,231548,232915,235508
"Iowa City, IA",Msa,IA,225919,226292,226502,226591,226717,226843,226954,227344,227614,228190,228845,229810
"Rocky Mount, NC",Msa,NC,110423,111195,111804,112297,112726,113077,113398,113630,113902,114059,114701,115382
"Monroe, MI",Msa,MI,173508,176155,178454,180604,180807,179874,178449,178240,178752,178569,178619,178318
"Wichita Falls, TX",Msa,TX,106966,107266,107575,107911,108325,108573,108807,109000,109326,,,
"Burlington, NC",Msa,NC,157651,158002,158923,160234,161730,162795,164042,164938,165751,166849,167943,168790
"Madera, CA",Msa,CA,276961,277189,276954,276637,277536,279087,279817,280519,281874,283437,285361,287747
"Jefferson City, MO",Msa,MO,157980,158985,159828,160581,160849,161003,160848,160748,160613,160640,161173,161714
"Chambersburg, PA",Msa,PA,181516,182238,182441,183815,184583,185335,185666,185369,185522,184967,184831,185016
"Texarkana, TX",Msa,TX,106492,106664,106955,107419,108018,108504,108827,109093,109478,,,
"Elizabethtown, KY",Msa,KY,149307,149953,150536,151150,151903,152493,153192,153778,154460,155370,155724,156353
"Pottsville, PA",Msa,PA,79532,79764,79803,79688,79687,79913,80297,81669,83025,84365,84770,85032
"Wheeling, OH",Msa,OH,97007,97586,98143,98899,99664,100317,100779,101125,101483,101767,101703,101658
"Florence, AL",Msa,AL,116923,117406,117827,118173,118239,118183,118001,118119,118344,118688,119183,119851
"Grand Junction, CO",Msa,CO,257529,258184,259198,259825,261402,262101,263101,263835,266230,267693,269506,270369
"Concord, NH",Msa,NH,262653,263733,264975,264972,265374,265628,266626,266892,267102,267261,268201,269246
"Dothan, AL",Msa,AL,119195,119415,119613,119938,120219,120380,120634,120735,120845,121086,121408,122000
"Santa Fe, NM",Msa,NM,358255,363253,366477,368384,371718,375909,378168,379507,380663,383029,384677,385497
"Johnstown, PA",Msa,PA,74547,74569,74631,74859,75376,76238,78485,80578,82301,82450,82389,80463
"Traverse City, MI",Msa,MI,238169,239306,240264,241021,240778,240781,240879,241583,242546,243066,243979,245233
"Hattiesburg, MS",Msa,MS,141644,142212,142775,143473,144027,144539,144795,145104,145288,145658,146305,146942
"Dalton, GA",Msa,GA,137247,138006,138871,139635,140429,141200,142015,142838,143502,144261,144221,144007
"Midland, TX",Msa,TX,269674,271899,273012,273494,274079,275023,275954,275983,276160,276212,275676,274084
"Homosassa Springs, FL",Msa,FL,161193,162150,162272,162456,162965,163992,164332,164039,163676,164034,165411,166263
"Auburn, AL",Msa,AL,196801,196983,196944,198090,199051,199975,200709,201354,202162,203122,203659,203733
"Valdosta, GA",Msa,GA,124480,125032,125399,125738,126046,126534,126865,127300,127716,128265,128304,128485
"Coeur d'Alene, ID",Msa,ID,326924,329019,332866,336723,340551,342531,341748,342684,345357,349711,352704,355675
"Springfield, OH",Msa,OH,115857,116232,116673,117163,117858,118702,119555,120481,121116,121285,120762,120750
"St. George, UT",Msa,UT,329009,329615,330314,331488,332645,333786,334854,336111,337178,337413,338228,339754
"Vero Beach, FL",Msa,FL,233619,232280,232107,232512,233488,233364,232655,232267,232494,233203,233299,233048
"Odessa, TX",Msa,TX,188442,189369,190250,191329,192423,193652,195017,196412,197801,198845,199570,200330
"Napa, CA",Msa,CA,711530,714571,714340,712060,712011,709416,704901,698973,698504,700921,703068,702538
"Tupelo, MS",Msa,MS,119387,119924,120439,120958,121304,121639,121949,122247,122521,122591,122790,122960
"Battle Creek, MI",Msa,MI,116148,116446,116760,117133,117788,118309,118749,119204,120120,121394,122279,123040
"Jamestown, NY",Msa,NY,94982,95700,96511,97467,98290,99505,100710,101554,101755,101762,101926,102675
"Eureka, CA",Msa,CA,327012,327340,326906,327624,328211,329008,327446,327366,327404,328848,329689,330113
"Rapid City, SD",Msa,SD,220652,221604,222740,223926,225099,225933,226729,227517,228200,228726,229162,229823
"Flagstaff, AZ",Msa,AZ,365204,367041,367654,366211,366740,367994,371267,372717,373415,373016,373592,375182
"Lumberton, NC",Msa,NC,76680,76712,76769,76969,77167,77397,77605,77895,78162,78336,78361,78266
"Wausau, WI",Msa,WI,163479,164207,165257,166322,167415,168268,169060,169821,170815,171849,172502,172871
"La Crosse, WI",Msa,WI,193282,194468,195988,197268,198025,198505,199234,199805,200591,201093,201594,202159
"Lebanon, PA",Msa,PA,184209,184533,184790,185589,186018,186735,187438,188258,189226,189854,190337,190528
"Idaho Falls, ID",Msa,ID,225230,227833,230392,232525,234618,236750,238972,241615,244150,246479,247995,249565
"Sierra Vista, AZ",Msa,AZ,149923,151325,152448,153664,154796,156181,157781,159216,160141,160751,161526,162546
"Pittsfield, MA",Msa,MA,233410,234361,235192,236217,238802,241114,242019,240127,238624,238169,238665,239861
"Lawton, OK",Msa,OK,94401,94683,94901,95091,95376,95591,95896,96043,96201,96222,96533,96810
"Farmington, NM",Msa,NM,123461,124086,125122,125741,126033,126382,127171,127886,128407,133010,137378,141835
"Jackson, TN",Msa,TN,115240,114791,115116,115535,116315,116665,116644,116792,117220,118238,119271,120321
"Morgantown, WV",Msa,WV,161722,162228,162712,163404,164052,164641,165080,165449,165813,166276,166203,166043
"Glens Falls, NY",Msa,NY,187561,188409,189092,189626,189950,190330,190332,190583,190662,190825,190958,191487
"Winchester, VA",Msa,VA,240715,241593,242040,242442,243256,244272,245411,246299,247359,247977,247970,247389
"St. Joseph, MO",Msa,MO,115997,116307,116647,117085,117504,117832,118148,117975,118437,119093,121230,121969
"Altoona, PA",Msa,PA,115692,115229,114366,114762,115823,117520,118780,118962,119298,118985,119386,119189
"New Bern, NC",Msa,NC,154314,155419,156511,157260,158022,158991,159857,160438,160614,160952,161445,161929
"Carbondale, IL",Msa,IL,99579,99832,100327,100973,101573,101904,102161,102491,102930,103140,102940,102813
"London, KY",Msa,KY,,99148,,100342,100907,101589,102238,102934,103584,104202,104561,104681
"Logan, ID",Msa,UT,271702,272975,274255,276269,279245,282236,284420,285552,286404,288122,289503,290766
"Harrisonburg, VA",Msa,VA,215835,216944,218111,219314,220356,221457,222545,223907,225202,226450,,225609
"Beckley, WV",Msa,WV,79796,79923,80181,80486,80786,80982,81163,81379,81559,81623,81474,81325
"Mansfield, OH",Msa,OH,111131,111834,112560,113279,113987,115145,116412,116284,116269,116675,118048,119279
"Weirton, OH",Msa,OH,82941,83394,83754,84211,84660,85134,85463,85790,86191,86664,87023,87243
"Goldsboro, NC",Msa,NC,130057,130328,131051,131673,131858,131610,131360,131419,131691,132027,132328,132783
"Augusta, ME",Msa,ME,168441,168940,168981,169238,169137,169551,169735,170415,171726,172506,173565,174535
"Hammond, LA",Msa,LA,159878,159931,159798,160072,160259,159886,159838,160232,157728,155345,156831,
"Jonesboro, AR",Msa,AR,127664,128083,128301,128812,129328,130018,130547,131188,131675,132314,133009,133847
"Sherman, TX",Msa,TX,174283,175650,177109,178325,179160,179361,179228,179466,181538,181791,181440,179446
"Anniston, AL",Msa,AL,100381,100819,101458,101903,102366,102599,103551,104443,105269,105353,105753,105607
"Staunton, VA",Msa,VA,196644,197804,199051,200328,201546,202540,203364,204261,205271,205993,,204364
"Muncie, IN",Msa,IN,92965,93474,93900,94223,94617,95013,95316,95792,96133,96325,96215,96150
"Mount Vernon, WA",Msa,WA,368004,371577,372786,374267,375871,376875,377340,377434,378546,380012,382900,385779
"Albany, OR",Msa,OR,266832,268762,270019,271087,271750,272807,273457,275389,276796,279185,280078,281336
"Watertown, NY",Msa,NY,141416,141595,141856,142431,142516,142566,142246,142300,143038,142453,141718,142364
"Williamsport, PA",Msa,PA,161287,161540,162079,162835,163528,164321,164945,166404,167809,169361,169613,169852
"Cleveland, TN",Msa,TN,163128,164021,164661,165615,166206,166572,166806,167183,167898,168748,169702,170715
"Sheboygan, WI",Msa,WI,149302,149920,149822,149983,150481,151594,152466,153751,154409,155476,155826,156561
"Bismarck, ND",Msa,ND,262359,262756,262493,262638,262916,263263,263687,264319,265676,266708,267448,267877
"Owensboro, KY",Msa,KY,121561,122322,122483,122700,122848,123619,124382,125115,125864,126530,126759,126943
"Dunn, NC",Msa,NC,159489,160874,161982,163361,164390,165708,166862,167984,169349,170677,172097,173096
"Wooster, OH",Msa,OH,180970,181295,181973,182401,182462,182306,182434,182570,183153,184304,185377,185771
"Morristown, TN",Msa,TN,148942,149849,150868,151819,152650,153364,154529,155661,157261,158588,160252,160471
"Kankakee, IL",Msa,IL,141284,141799,142186,142627,143137,143966,144615,145201,145584,146124,146442,146885
"Brunswick, GA",Msa,GA,190195,192011,192646,192955,192059,192468,192795,193434,193383,193441,193295,193339
"Ogdensburg, NY",Msa,NY,74320,74797,75293,75457,75367,75050,75173,75849,76747,77489,77986,78355
"San Angelo, TX",Msa,TX,155155,155182,155289,155738,156450,157133,157581,158145,158747,157459,156164,154292
"Michigan City, IN",Msa,IN,147734,148621,149373,150029,150710,151500,152251,152856,153423,153847,154070,154265
"Holland, MI",Msa,MI,196197,197175,198183,199288,200010,199680,199765,200638,202496,203879,204902,206194
"Wenatchee, WA",Msa,WA,352147,353639,355577,357576,359057,361472,364111,366408,367969,369067,369603,369700
"Lawrence, KS",Msa,KS,201355,202529,203337,202439,202680,203471,205058,206145,206205,206827,208007,210628
"Decatur, IL",Msa,IL,85919,88131,90113,91116,90283,89725,89756,89751,89650,89827,89696,89692
"Missoula, MT",Msa,MT,330998,333400,335144,337122,337604,337894,338455,340830,342124,343314,343737,345810
"Salem, OH",Msa,OH,101061,101481,101839,102260,102762,103325,103843,104419,104906,105445,105777,
"Bay City, MI",Msa,MI,102720,103151,103335,103300,103923,104297,105120,105760,106919,107983,108632,109291
"Lewiston, ME",Msa,ME,176486,176727,176319,176458,176697,178238,179556,180684,181531,182561,184446,186657
"Roseburg, OR",Msa,OR,213045,214807,215763,215748,216610,217269,219017,220605,222582,224151,225467,226457
"Sumter, SC",Msa,SC,125458,125782,126090,126377,126779,127260,127838,128696,129400,129979,129335,129516
"Meridian, MS",Msa,MS,98670,99101,99500,99746,100015,100197,100501,100820,101191,101605,102056,102428
"Show Low, AZ",Msa,AZ,213859,215405,216593,217931,219183,220332,221110,222282,223060,224082,224800,225633
"Bluefield, WV",Msa,WV,77757,78069,78416,78859,79298,79671,80019,80357,80748,81027,80742,80410
"Danville, VA",Msa,VA,122501,123174,123875,124620,125269,125811,126259,126830,127365,127871,,126994
"Lima, OH",Msa,OH,111673,112523,113428,113724,114313,115083,115446,115595,115326,115465,115849,115819
"Cookeville, TN",Msa,TN,152579,152452,152819,153458,154567,155317,156056,156679,157557,158093,158918,160168
"California-Lexington Park, MD",Msa,MD,297765,297309,297614,297501,298038,298166,298423,298827,298976,299609,300003,300185
"Gadsden, AL",Msa,AL,91244,91211,91330,91821,92300,92445,92611,92574,93082,93125,93685,93977
"Cumberland, MD",Msa,MD,94152,95353,96612,97677,98320,98199,97673,97476,98177,98656,99306,98736
"Longview, WA",Msa,WA,267922,270124,272247,274617,276869,279610,281455,282796,283517,285004,286888,288976
"Whitewater, WI",Msa,WI,219930,219753,219182,219870,221545,222776,225422,227895,231559,232533,232414,232405
"Fond du Lac, WI",Msa,WI,139190,139737,140970,141474,142343,142813,143585,144274,144869,145428,145700,145916
"Ithaca, NY",Msa,NY,223587,222779,221793,218994,216795,215289,215413,216218,218149,219552,220017,219753
"Ashtabula, OH",Msa,OH,106435,106782,107593,109550,111204,111100,111525,111946,113241,114066,114429,113699
"Gettysburg, PA",Msa,PA,210721,211324,211954,212577,213314,214360,215321,215903,216058,216112,215784,215594
"Pine Bluff, AR",Msa,AR,62009,62299,62599,62946,63185,63439,63692,63907,64156,64423,64519,64506
"Tullahoma, TN",Msa,TN,154543,153802,154866,155665,155264,154179,152667,154621,156281,158240,158052,158884
"Richmond, KY",Msa,KY,160407,161186,161793,162600,163467,163993,164909,165939,167628,168164,168702,168980
"Adrian, MI",Msa,MI,152588,153240,153933,154684,155798,156806,157959,158600,159641,160670,161679,162578
"Twin Falls, ID",Msa,ID,210208,212048,213945,216308,218548,220479,221662,222731,224230,226054,227435,228236
"Corning, NY",Msa,NY,106537,106199,106396,106535,106970,107500,108326,109136,109529,109801,109470,109318
"Sebring, FL",Msa,FL,138857,139919,140177,140559,140736,141178,141778,141899,142023,142450,143129,143656
"Truckee, CA",Msa,CA,477773,476943,477981,483583,484977,483305,478278,475655,473415,472101,472640,474903
"Paducah, KY",Msa,KY,108558,108895,109310,109808,110562,111246,111870,112465,112996,113572,113744,113864
"Grand Forks, ND",Msa,ND,207827,208917,210259,211510,212339,213070,213471,214065,214624,214497,213675,212602
"Shelby, NC",Msa,NC,145903,146841,147360,147624,148478,149224,150388,151908,152470,152504,151475,151409
"Fairbanks, AK",Msa,AK,199380,199473,199423,199290,200348,201252,202475,207356,209324,210580,207998,208396
"Ocean City, NJ",Msa,NJ,389647,390128,389891,389238,389561,389620,390307,390687,393118,395793,398051,399525
"Mankato, MN",Msa,MN,208160,209096,,207823,207273,,209751,212198,213975,215644,215369,214110
"Rome, GA",Msa,GA,120998,122023,123109,123857,124994,125655,126560,127146,128303,129177,130049,130828
"Cape Girardeau, MO",Msa,MO,150289,150616,151303,151983,152462,154724,156845,159235,,164229,164727,
"Hot Springs, AR",Msa,AR,145416,146202,146611,146990,147515,148059,148217,148872,149938,150671,150802,150786
"Greenwood, SC",Msa,SC,113523,113994,114447,115116,115745,116436,116989,117590,118138,118751,118856,118843
"Sunbury, PA",Msa,PA,105608,106061,106596,107122,107659,108175,108579,108898,109139,109367,109482,109517
"Clarksburg, WV",Msa,WV,98355,98686,98938,99429,99936,100408,100927,101337,101957,102482,102617,102535
"Talladega, AL",Msa,AL,102649,103087,103522,104009,104425,104834,105142,105494,105782,106115,106817,107432
"Dubuque, IA",Msa,IA,178345,179701,180731,181016,181339,181585,182184,182948,183417,184110,184510,185014
"The Villages, FL",Msa,FL,277237,279055,280267,281195,282133,283036,284076,285247,286741,288288,289411,289601
"Albertville, AL",Msa,AL,127108,128040,129091,129873,130654,131476,132236,132318,132091,132474,133450,134387
"Manhattan, KS",Msa,KS,197744,198627,199442,200115,200412,200744,201307,202160,203070,203731,204057,204393
"Parkersburg, WV",Msa,WV,104019,104512,105008,105457,105871,106266,106648,107051,107429,107813,108069,108337
"New Philadelphia, OH",Msa,OH,147808,148615,149428,150219,150985,151730,152577,,,,,
"Orangeburg, SC",Msa,SC,94605,95029,95459,95886,96288,96657,97010,97430,97740,97597,,
"Cheyenne, WY",Msa,WY,281920,281811,283923,285416,288310,289142,291923,294736,297435,299010,298154,299529
"New Castle, PA",Msa,PA,105002,105510,105952,106515,107003,107603,108094,108596,109036,109509,,109475
"Brainerd, MN",Msa,MN,192796,193960,195304,196455,197544,198624,200104,201605,204168,206611,208925,209841
"Kalispell, MT",Msa,MT,342052,344676,346090,347448,348306,349530,351169,353415,355522,357420,359404,362360
"Sevierville, TN",Msa,TN,227125,228663,230396,232091,233817,235484,237777,240058,242469,244430,246415,248572
"Ames, IA",Msa,IA,199881,200223,200547,201065,201779,202471,203312,203614,203994,204141,204740,205270
"Bozeman, MT",Msa,MT,447398,450266,453560,456886,460515,465037,468323,469987,472454,474337,477635,478280
"Moses Lake, WA",Msa,WA,202617,203635,206766,210640,212729,213180,212981,213401,215185,217014,220119,221189
"Indiana, PA",Msa,PA,122548,123369,123984,124397,124688,124993,125372,125855,126462,127096,127389,127458
"Elmira, NY",Msa,NY,102913,103417,103251,103020,102563,102379,102376,103061,103788,104377,103708,103484
"Meadville, PA",Msa,PA,101230,101753,102270,102844,103221,103530,103703,104008,104407,104796,105009,105176
"Beaver Dam, WI",Msa,WI,163609,164524,165053,165784,166215,167462,168551,169523,169763,169632,169535,169494
"Pinehurst-Southern Pines, NC",Msa,NC,243067,243946,245086,246638,248122,248886,249153,249615,250323,251315,252198,253285
"Ukiah, CA",Msa,CA,421038,422768,419503,415205,410614,409689,408964,407814,406436,405381,401339,398219
"Hermiston-Pendleton, OR",Msa,OR,190151,190904,191694,192630,193262,193745,193347,193524,194268,195721,197421,198852
"Lufkin, TX",Msa,TX,123306,123860,124390,124982,125460,125934,126308,126687,126476,126856,127288,128047
"Zanesville, OH",Msa,OH,119669,120549,121436,122145,122743,123368,124074,124823,125044,125288,125636,126460
"Corvallis, OR",Msa,OR,365366,366641,368259,367495,367666,367385,367145,367038,365659,367683,368178,373927
"Bloomsburg, PA",Msa,PA,164111,164911,165732,166627,167277,167878,168409,169045,169635,170236,170438,170641
"Laurel, MS",Msa,MS,102024,102300,102594,102880,103121,103255,103388,103525,103854,104136,104592,104961
"Russellville, AR",Msa,AR,114984,115610,116108,116708,117093,117570,117999,118584,119017,119978,120578,121565
"Branson, MO",Msa,MO,160316,160685,161120,161970,162717,163676,164469,165257,165832,166400,166978,167661
"Watertown, WI",Msa,WI,209160,210598,211612,212652,213943,214670,214933,214941,215228,216136,217574,219420
"Midland, MI",Msa,MI,145866,146853,148669,148892,147012,145429,144666,145899,147642,148676,149128,149648
"Opelousas, LA",Msa,LA,110928,111376,111615,112190,112671,113182,113404,113410,113467,113578,113435,113307
"Pocatello, ID",Msa,ID,187411,189553,191519,193634,194549,194939,195629,197995,200866,203838,204473,204959
"Kokomo, IN",Msa,IN,111536,112225,113089,114028,115068,115861,116554,117139,117808,118176,118470,118705
"Grants Pass, OR",Msa,OR,291932,290700,289054,287045,286664,287141,287635,288870,288932,289805,288281,290762
"Huntsville, TX",Msa,TX,171353,172061,172898,173676,174460,175252,175983,176764,177445,178253,178774,179253
"Plattsburgh, NY",Msa,NY,144445,145881,148204,148590,148932,149998,150304,150206,149356,148775,149462,149846
"Grand Island, NE",Msa,NE,155894,156866,157796,158764,159688,160472,161131,161803,162582,163435,163343,163072
"DuBois, PA",Msa,PA,100460,100801,101224,101719,102291,102732,103039,103334,103687,103902,104007,104072
"Danville, IL",Msa,IL,67248,67465,67684,67809,67879,67944,68113,68355,68608,68831,68825,68749
"Manitowoc, WI",Msa,WI,123260,123673,126210,129132,130560,129914,128829,129471,130427,131545,132643,133474
"Great Falls, MT",Msa,MT,194640,196067,197105,197939,198716,199749,200319,200573,200015,199581,199392,199937
"Wilson, NC",Msa,NC,119565,119991,120483,120913,121397,121840,122307,122755,123083,123273,,123153
"Cullman, AL",Msa,AL,142243,142856,143569,144138,144833,145419,145991,146368,146769,147360,148221,149072
"Olean, NY",Msa,NY,82177,83393,83969,84652,85364,85424,84539,83449,82847,83019,83340,84211
"Auburn, NY",Msa,NY,129399,129633,131443,132721,134748,135108,135325,135157,134949,135447,135229,134806
"Portsmouth, OH",Msa,OH,82566,82976,83558,84113,84462,84780,85054,85316,85347,85453,85406,85379
"Athens, TX",Msa,TX,166756,167264,167365,168410,169972,171538,172614,173932,175498,173594,171681,167542
"Oak Harbor, WA",Msa,WA,397921,398388,399302,400846,403614,405207,406222,406809,407910,409576,411323,413916
"Chillicothe, OH",Msa,OH,121092,121768,122610,123418,124387,125309,126305,127048,127818,128377,128761,
"Hinesville, GA",Msa,GA,148891,149578,150108,150615,151041,151501,151819,152182,152424,152698,152176,151564
"Somerset, PA",Msa,PA,113727,114301,114787,115273,115769,116227,116621,116977,117403,117746,117848,117770
"Warsaw, IN",Msa,IN,178173,178829,179044,179311,180258,181821,183346,184618,185921,186847,187448,187769
"Stillwater, OK",Msa,OK,148062,148542,149119,149661,150110,150471,150824,151224,151620,152046,,
"Quincy, IL",Msa,IL,116849,117385,117910,118428,118951,119498,120006,120499,120967,121381,121517,121593
"Keene, NH",Msa,NH,206466,207124,208360,210061,211179,212073,212969,213726,214523,214969,215177,215246
"Sandusky, OH",Msa,OH,140209,141432,143310,144994,145316,144849,144502,144460,145550,146170,146438,145915
"Searcy, AR",Msa,AR,122852,123371,123842,124309,124704,125530,126252,,,,,
"Columbus, IN",Msa,IN,167459,168871,170098,171448,172605,174078,174968,175162,175248,175627,176480,177090
"Roanoke Rapids, NC",Msa,NC,72167,72301,72528,72786,73144,73316,73521,73653,73824,73864,73752,73502
"Centralia, WA",Msa,WA,194742,196659,198731,200334,202098,204002,205442,206822,208198,209856,210882,211196
"Casper, WY",Msa,WY,215772,216522,217361,218443,219510,220412,220938,221199,222170,223649,225214,226614
"Helena, MT",Msa,MT,273396,274893,276461,278873,280946,282955,283827,284992,285773,286965,287742,288923
"Findlay, OH",Msa,OH,141242,141760,142868,143522,144694,145664,146806,147559,148283,148651,149222,149993
"Wisconsin Rapids-Marshfield, WI",Msa,WI,122258,122880,123436,123996,124485,124964,125505,126059,126621,127115,127359,127619
"Palatka, FL",Msa,FL,118385,120023,121267,122336,123270,123861,124750,125126,125945,126112,126579,127821
"Seneca, SC",Msa,SC,169586,171225,172430,172475,172582,172606,173273,173554,174514,175088,175817,176346
"Mount Airy, NC",Msa,NC,128029,128532,129092,129691,130310,130884,131554,132199,132778,132703,132359,131851
"Glenwood Springs, CO",Msa,CO,540089,539286,539547,543297,545556,546463,547043,548935,550804,553535,553243,554050
"Key West, FL",Msa,FL,625274,627648,629705,632188,633220,633702,633213,633676,633367,634767,635168,634003
"Aberdeen, WA",Msa,WA,182850,183402,184201,185325,187136,189138,190747,192542,193715,195112,196018,197209
"Gallup, NM",Msa,NM,154195,154801,155548,156221,156810,157369,158066,158871,159446,160072,160848,161694
"Port Angeles, WA",Msa,WA,307319,309054,311174,313636,316600,319641,322195,324214,325678,326669,326883,326730
"Greenfield Town, MA",Msa,MA,232823,230999,231022,230688,229242,227187,224134,222477,221610,222064,221308,221672
"Muskogee, OK",Msa,OK,79923,80241,80522,80738,80842,80907,81033,81171,81291,81460,82371,83389
"Frankfort, KY",Msa,KY,147494,148181,148856,149629,150381,151198,151966,152792,153569,154488,154765,154985
"Owosso, MI",Msa,MI,119866,120402,120979,121796,122594,123403,124104,124819,125497,126115,126394,126617
"Mount Pleasant, MI",Msa,MI,138559,138954,139380,139943,140440,141211,142034,142971,143622,144063,144534,144930
"Statesboro, GA",Msa,GA,153155,154176,155190,155971,156582,157157,157767,158411,158942,159443,159089,158638
"Marion, IN",Msa,IN,83786,84233,84661,85005,85380,85766,86179,86527,86802,87052,87274,87464
"Stevens Point, WI",Msa,WI,171757,172744,173672,174413,174991,175569,176298,177099,177892,178752,179342,179963
"Minot, ND",Msa,ND,270973,271573,272227,272634,273277,273513,273646,273576,273670,274468,275767,278916
"Shawnee, OK",Msa,OK,97304,96886,97187,97504,97760,98189,98549,98976,99296,99872,101256,102782
"North Wilkesboro, NC",Msa,NC,132699,132929,133262,133986,134632,135400,135959,136470,136804,137207,137551,137820
"Richmond, IN",Msa,IN,101523,101978,102411,102858,103280,103688,104079,104400,104723,105028,104770,104521
"Greeneville, TN",Msa,TN,100452,100362,101059,101839,102931,102928,103480,104119,105205,105821,106093,107443
"Martinsville, VA",Msa,VA,80384,80850,81341,81817,82158,82363,82498,82655,83142,83540,83375,82889
"Forest City, NC",Msa,NC,131791,132362,132973,133631,134406,134994,135698,136244,136794,137067,137167,137287
"Lake City, FL",Msa,FL,150400,150824,151217,151265,151231,151215,151487,151847,152217,152643,153299,153999
"Kapaa, HI",Msa,HI,585049,586971,589624,592064,594648,597001,599154,601226,603306,,617132,
"Marquette, MI",Msa,MI,157006,157581,158269,159132,159879,160534,161082,161651,162248,162941,163251,163394
"LaGrange, GA",Msa,GA,136104,137090,137904,138629,139381,140161,140953,141670,142087,141992,141143,140404
"Marion, OH",Msa,OH,99206,99856,100575,101382,102220,102952,103668,104287,104832,105343,105581,
"Morehead City, NC",Msa,NC,272590,273243,275066,277484,278585,280053,280508,281349,281360,281386,281925,282428
"Klamath Falls, OR",Msa,OR,177914,178276,179321,180918,183127,185404,187187,188373,188831,189513,189974,190525
"Marinette, WI",Msa,WI,104751,104985,105368,105899,106385,106809,107366,107980,108609,109297,109713,110139
"Roswell, NM",Msa,NM,103853,104624,105368,105704,105968,106107,106707,107177,107611,107903,108231,108628
"Marshall, TX",Msa,TX,147243,147845,148228,148477,148786,149092,149520,150226,150974,151709,151667,151558
"Farmington, MO",Msa,MO,118457,119309,119919,120602,121011,121400,121769,122439,122865,123551,123877,124459
"Charleston, IL",Msa,IL,87111,87442,87784,88110,88417,88706,88966,89222,,,,
"Athens, OH",Msa,OH,133576,134264,135059,135504,135969,136452,137090,137779,138407,139222,139456,139553
"Hobbs, NM",Msa,NM,161633,161086,160001,160578,160924,161508,162565,163419,164176,166078,168637,171613
"Clearlake, CA",Msa,CA,254537,254581,253982,252635,252037,,241936,239773,,245333,245364,244803
"Nacogdoches, TX",Msa,TX,147080,147570,148095,148784,149516,150022,150461,150857,151335,151929,152386,152888
"Hutchinson, KS",Msa,KS,100653,100888,100977,100971,101041,101278,101543,101848,102156,102522,102732,102955
"Faribault, MN",Msa,MN,241135,240397,241295,242950,245978,247193,247312,247976,248515,248278,248031,247509
"Elizabeth City, NC",Msa,NC,164867,164908,165221,165471,165933,166237,166822,167289,167877,168338,168350,168276
"Ionia, MI",Msa,MI,152052,152874,153797,154804,155750,156748,157692,158629,159490,160401,,
"Alamogordo, NM",Msa,NM,127081,127366,127684,128371,129139,129837,130529,131196,131843,134281,136600,138546
"Red Bluff, CA",Msa,CA,250352,251193,252750,255574,258140,259898,260147,260569,261851,263946,266127,268015
"Hudson, NY",Msa,NY,258330,259380,261433,261370,262310,261116,261296,260273,259373,259496,259940,261060
"Somerset, KY",Msa,KY,139111,140101,140763,141192,141641,142237,142852,143684,144673,145637,145818,146086
"Coos Bay, OR",Msa,OR,225162,226278,228138,229138,230919,232390,234575,236310,237645,237644,238313,239075
"Walla Walla, WA",Msa,WA,268886,269162,270561,271924,273530,275088,276559,278042,279395,280777,280886,281085
"Sayre, PA",Msa,PA,144082,144704,145173,145648,146262,147106,147533,148001,148251,148673,148694,148911
"Oneonta, NY",Msa,NY,148491,149108,149595,150049,150412,150844,151280,151722,152156,152551,153247,153972
"Fort Madison, IA",Msa,IA,90527,90860,91168,91359,91545,91747,92100,92472,92747,92960,92969,93074
"Baraboo, WI",Msa,WI,189834,191279,192498,194032,195669,198190,200993,203897,205780,207272,208200,209825
"Marietta, OH",Msa,OH,126096,126757,127398,128105,128699,129502,130285,131099,131758,132480,132861,133155
"Salina, KS",Msa,KS,127808,127848,128094,128471,128696,129007,129450,129966,130321,130909,131416,131891
"Rutland, VT",Msa,VT,182603,183399,184238,185137,185934,186689,187292,188043,188871,189203,189179,189186
"Big Stone Gap, VA",Msa,VA,74195,74532,74973,75405,75738,75954,76187,76482,76787,76991,76531,75964
"Sturgis, MI",Msa,MI,120096,120917,121928,123070,124730,126629,127828,129232,129812,130612,131259,132092
"Rio Grande City, TX",Msa,TX,70598,70693,70674,70861,70978,71153,71020,70987,71049,71440,71535,71558
"Fremont, OH",Msa,OH,118864,119287,119644,119987,120429,120970,121599,122241,122798,123318,123533,123665
"Mount Vernon, OH",Msa,OH,145321,146215,147256,148456,149659,150825,152087,153308,154478,155506,156120,156716
"Lewiston, ID",Msa,ID,237614,239159,240778,242229,243384,244321,245137,245961,246838,247586,248343,249039
"Shelton, WA",Msa,WA,274255,276085,278389,280660,283416,286503,289255,291889,293596,295201,295242,295498
"Albemarle, NC",Msa,NC,171293,172163,173001,173869,174789,175687,176403,177172,178010,178820,179010,179096
"Enid, OK",Msa,OK,88229,88456,88953,89238,89591,89812,90037,90149,90002,90049,89946,90214
"Jefferson, GA",Msa,GA,224826,226336,227378,228456,229261,229735,229882,230466,231125,231532,232295,233031
"Georgetown, SC",Msa,SC,236399,236518,236834,237525,238120,239527,241151,242172,242509,242414,242704,243293
"Laconia, NH",Msa,NH,258889,259061,260510,261982,264005,264419,265102,265267,266126,267243,269016,270666
"Batavia, NY",Msa,NY,131405,131984,132548,132752,132993,133294,133937,134526,135003,135602,136433,137389
"Oxford, NC",Msa,NC,164568,165265,165950,166747,167574,168434,169261,170016,170721,171378,171726,171985
"Columbus, MS",Msa,MS,114978,115300,115636,115989,116326,116766,117415,117951,118320,118761,119198,119600
"Norwalk, OH",Msa,OH,115171,115774,116712,117503,118000,118116,118376,119031,119668,120559,121127,121529
"Barre, VT",Msa,VT,224741,225190,225836,225261,227899,230992,234097,234261,234233,233247,232416,230958
"Kinston, NC",Msa,NC,90586,90842,91066,91239,91464,91700,91991,92222,92479,92638,92677,92504
"Sterling, IL",Msa,IL,100252,100593,100949,101264,101550,101804,102133,102401,102728,102738,102567,102342
"Palestine, TX",Msa,TX,109063,109424,109240,109166,109027,109389,109623,109967,110383,110961,111338,111627
"Dublin, GA",Msa,GA,104473,105144,105745,106156,106567,106987,107637,108149,108615,108982,108730,108389
"Vicksburg, MS",Msa,MS,127407,127492,128184,128715,129091,129499,129946,130153,130378,130675,131374,131823
"Point Pleasant, WV",Msa,WV,91004,91233,91518,91934,92339,92709,93134,93592,94054,94472,94473,94492
"Sanford, NC",Msa,NC,145889,146551,147237,147897,148543,149125,149674,150285,150930,,,
"Fergus Falls, MN",Msa,MN,232903,233999,235205,236368,237227,237688,238373,239106,240238,241192,241573,241865
"Tiffin, OH",Msa,OH,106100,106639,107132,107667,108170,108673,109260,109822,110364,110894,111062,111179
"Fairmont, WV",Msa,WV,104905,105374,105861,106328,106763,107053,107307,107778,108335,109125,109544,109883
"Crossville, TN",Msa,TN,161028,161629,162803,163960,164732,165614,166547,167656,168875,170149,170893,171292
"Picayune, MS",Msa,MS,139342,139517,139841,140057,140198,140482,140985,141422,141617,141589,141691,141889
"Gloversville, NY",Msa,NY,115791,116145,116530,116686,116864,117031,117318,117681,118124,118691,119389,120024
"Sonora, CA",Msa,CA,,,,,,,,,,,,
"Gaffney, SC",Msa,SC,86809,87185,87745,,86537,85734,86216,86775,87289,87529,88138,88693
"Carson City, NV",Msa,NV,317552,318822,319981,321353,322718,324069,325372,327901,329180,330461,331127,331478
"Calhoun, GA",Msa,GA,140552,141503,142413,143225,143978,144779,145654,146511,147146,147754,,
"Milledgeville, GA",Msa,GA,128715,129531,130352,131082,131792,132362,132912,133352,133736,134112,,133435
"Waycross, GA",Msa,GA,93780,94276,94839,95412,95949,96496,96991,97438,97753,97974,,97350
"Oil City, PA",Msa,PA,83496,83904,84266,84650,84944,85231,85622,86021,86429,86731,86909,87021
"Jasper, IN",Msa,IN,147578,148392,149217,149905,150588,151289,152005,152706,153435,154145,154652,155047
"Morgan City, LA",Msa,LA,120225,119578,118751,119121,119459,120274,120833,121511,121863,122101,121568,121482
"Eagle Pass, TX",Msa,TX,138844,138897,138819,139240,139952,140673,141366,142199,142929,143442,143552,143697
"Ontario, OR",Msa,OR,180900,182075,183298,184402,185503,186418,187461,188398,189443,190348,191313,192119
"Payson, AZ",Msa,AZ,215733,216910,218283,219359,220379,221330,222779,224361,226134,227438,226748,226753
"McComb, MS",Msa,MS,102884,102893,103084,103586,103801,103892,103958,104197,104474,104746,105055,105278
"Rochelle, IL",Msa,IL,134594,134985,135454,135915,136268,136576,136923,137352,137786,138067,137911,137702
"Scottsboro, AL",Msa,AL,109242,109597,110034,110346,110651,110547,110446,110288,110725,111011,111232,111122
"Danville, KY",Msa,KY,117843,118593,119276,119992,120560,121136,121687,122346,123024,123356,123201,122859
"Ashland, OH",Msa,OH,136958,137657,138282,139080,140007,140825,141745,142486,143409,144118,144434,144507
"Natchez, MS",Msa,MS,95994,96352,96419,96520,96942,96600,96389,,95182,95429,96747,97393
"Greenville, OH",Msa,OH,138139,138243,138342,138389,138989,139692,140416,141132,141593,142005,142116,142195
"Galesburg, IL",Msa,IL,76689,77065,77477,77809,78138,78402,78687,78953,79204,79318,79194,79099
"Warrensburg, MO",Msa,MO,161896,162561,163276,164079,164738,165401,165937,166518,167138,167844,168417,168873
"Kearney, NE",Msa,NE,197721,198938,200049,201292,202436,203535,204581,205583,206517,207564,,
"Fort Polk South, LA",Msa,LA,146052,147034,147691,147590,147507,147243,147601,147843,148289,148834,148563,148414
"Fort Leonard Wood, MO",Msa,MO,161329,161812,162494,163021,163553,163921,164028,163917,163688,164221,164579,164996
"Glasgow, KY",Msa,KY,111897,112344,113024,113948,114734,115418,116031,116818,117661,118447,118711,118781
"Athens, TN",Msa,TN,132843,133530,133899,134320,134880,135382,135834,136219,136592,136993,137477,138015
"Edwards, CO",Msa,CO,732363,734751,734001,733421,731584,730832,733038,734325,734247,734537,737725,742065
"Fernley, NV",Msa,NV,271968,273379,275355,277175,277911,279253,280082,280492,281137,282282,284557,286825
"Mason City, IA",Msa,IA,118895,119177,119361,119634,119854,120224,120552,120998,121475,122027,122347,122591
"Malone, NY",Msa,NY,109963,110502,111016,111511,111943,112299,112654,113061,113400,113743,114312,114966
"Winona, MN",Msa,MN,180301,181166,182098,183076,183852,184637,185404,186101,186789,187343,187394,187349
"Durango, CO",Msa,CO,428811,432430,436557,441916,444387,445540,443847,444103,444585,443846,442489,440215
"Platteville, WI",Msa,WI,131240,132153,132976,133706,134396,135115,135754,136342,136928,137637,138052,138423
"Boone, NC",Msa,NC,253982,254912,256027,257631,259383,260937,262379,263965,266058,267936,268941,269808
"Bartlesville, OK",Msa,OK,117430,117992,118387,119005,119471,120170,120697,120525,120238,120149,120439,120757
"Jacksonville, TX",Msa,TX,124615,124722,124942,125358,125997,126606,127098,127554,128307,128968,129330,129316
"Elko, NV",Msa,NV,306857,307896,308616,309116,309169,308818,308160,307612,307383,307562,307129,306475
"Rexburg, ID",Msa,ID,274019,276246,278413,280175,281637,283085,284618,286188,288406,289077,290220,290552
"St. Marys, GA",Msa,GA,174931,175902,177139,177453,177780,177894,178696,179173,179711,180335,180597,180806
"Ozark, AL",Msa,AL,94537,94888,95226,95641,95920,96113,96284,96455,96526,96723,97140,97626
"Amsterdam, NY",Msa,NY,113886,114304,114748,114962,115161,115324,115620,115994,116418,116767,117274,117759
"Enterprise, AL",Msa,AL,128648,128969,129460,129874,130134,130139,130441,130983,131444,131757,132291,132885
"Paris, TX",Msa,TX,109101,109381,109701,110076,110404,110768,111186,111766,112439,113082,113527,113758
"Kerrville, TX",Msa,TX,285139,286041,286984,288096,289177,290279,291378,292704,294341,295950,297030,297572
"New Castle, IN",Msa,IN,94278,94734,95266,95880,96434,96953,97417,97850,98278,98677,98973,99232
"Sidney, OH",Msa,OH,148153,148804,149467,150134,150984,151798,152622,153396,154100,154853,155290,155695
"Cortland, NY",Msa,NY,128736,129273,129754,129970,130155,130350,130814,131261,131693,132042,132673,133377
"Clinton, IA",Msa,IA,158547,159054,159412,159840,160228,160685,161254,161838,162465,163096,163534,163977
"Del Rio, TX",Msa,TX,124652,125158,125621,126142,126748,127325,127865,128232,128727,129388,130034,130491
"Clovis, NM",Msa,NM,144454,144685,144907,145289,145788,146166,146739,147137,147730,148556,149422,150341
"Norfolk, NE",Msa,NE,155817,156696,157556,158533,159522,160458,161336,162107,162858,163595,,163166
"Washington, NC",Msa,NC,139751,140274,140732,141283,141786,142201,142466,142803,143207,143695,143630,143619
"Corsicana, TX",Msa,TX,114355,114625,114918,115355,115811,116369,116934,117539,118194,118867,119385,119768
"Freeport, IL",Msa,IL,87285,87683,88092,88477,88806,88982,89183,89331,89528,89790,89908,90174
"Starkville, MS",Msa,MS,177277,177766,178545,179626,180193,180624,181000,181447,181993,179997,178753,177066
"Burlington, IA",Msa,IA,101965,102314,102683,103002,103312,103586,103866,104123,104455,104766,104893,105009
"Cadillac, MI",Msa,MI,119907,120705,121918,122606,123267,123493,124135,124662,125280,125858,126391,126677
"Ardmore, OK",Msa,OK,88119,88486,88780,89286,89560,89933,90213,90588,90822,91256,92398,93620
"Kendallville, IN",Msa,IN,134489,135277,136187,137014,137892,138656,139465,140183,140900,141617,142203,142670
"Nogales, AZ",Msa,AZ,156702,157431,158173,158943,159681,160467,161140,161742,162340,163046,163526,163824
"Oxford, MS",Msa,MS,191687,192491,193556,194444,195078,195392,195987,196752,197737,198601,199601,200641
"Bogalusa, LA",Msa,LA,103264,103442,103665,104037,104105,104208,104421,104767,105080,105666,105860,106068
"Plymouth, IN",Msa,IN,153043,153816,154611,155267,155897,156491,157096,157653,158220,158761,159302,159719
"Gardnerville Ranchos, NV",Msa,NV,461162,462503,464824,465933,468477,467756,469467,469772,470495,470080,470073,470467
"Tahlequah, OK",Msa,OK,106487,105955,106306,106625,107081,107516,107901,108214,108534,109017,110463,111937
"Madisonville, KY",Msa,KY,86571,87091,87474,87934,88342,88729,89107,89489,89942,90325,90471,90599
"Ca?on City, CO",Msa,CO,219535,219873,220219,220931,222383,225325,226268,229373,231400,234853,232086,232912
"Ruston, LA",Msa,LA,151948,152811,153515,154280,155018,155624,156153,156663,157273,157830,157638,157377
"Hillsdale, MI",Msa,MI,133218,133779,134397,135149,135885,136691,137468,138103,138709,139736,140491,141137
"Lewistown, PA",Msa,PA,105546,105991,106596,107184,107722,108258,108813,109359,109895,110238,110411,110409
"Rockingham, NC",Msa,NC,73614,73864,74082,74306,74617,74909,75133,75218,75359,75527,75569,75623
"Ponca City, OK",Msa,OK,63106,63410,63650,63856,63984,64127,64253,64418,64597,64820,65537,66275
"Blytheville, AR",Msa,AR,89052,89259,89838,90034,90354,90442,90573,90711,90722,91030,92520,93957
"Red Wing, MN",Msa,MN,242178,240886,241409,240408,239326,237698,237082,236284,235249,234171,234497,234873
"Shawano, WI",Msa,WI,151200,151885,152516,153295,154000,154771,155668,156329,156987,157670,158240,158683
"Cedar City, UT",Msa,UT,230623,232227,233956,234598,235305,235611,236402,237183,238117,239549,241166,242432
"Bedford, IN",Msa,IN,108993,109717,110549,111252,111893,112501,113113,113780,114344,114882,115429,116036
"Gillette, WY",Msa,WY,268052,269022,270268,271629,272911,273651,274180,274701,275413,276192,276635,277064
"Newport, OR",Msa,OR,296929,297518,299344,301120,303293,305233,305829,306373,306448,308097,309574,311200
"Wapakoneta, OH",Msa,OH,143338,144174,144986,145666,146365,147125,148024,148891,149673,150438,150828,151106
"Huntingdon, PA",Msa,PA,125778,126333,127041,127762,128590,129177,129703,130075,130494,130878,131010,131177
"Bellefontaine, OH",Msa,OH,139762,140508,141376,142340,143306,144095,144958,145737,146536,147233,147699,148138
"McAlester, OK",Msa,OK,87121,87335,87535,87694,87876,87194,86525,85816,86042,86425,87549,88654
"Blackfoot, ID",Msa,ID,222027,223455,225012,226700,228176,229586,230646,231721,232708,233794,235168,236422
"Moultrie, GA",Msa,GA,92859,93318,93742,94237,94678,95258,95741,96036,96214,96313,96022,95737
"Henderson, NC",Msa,NC,88145,88399,88748,88969,89357,89578,89887,90113,90392,90825,90936,91105
"Coldwater, MI",Msa,MI,117332,117673,118258,118987,119621,120167,120706,121214,121702,122144,122474,122723
"Harrison, AR",Msa,AR,119344,119811,120309,120773,121396,121949,122503,122949,123316,123742,123913,124158
"Rolla, MO",Msa,MO,139189,140300,141276,141915,142219,142661,143058,143545,143741,143952,143956,144214
"Shelbyville, TN",Msa,TN,171131,172154,173178,174152,175156,175292,175522,176439,178108,180104,182055,183047
"Duncan, OK",Msa,OK,85923,86140,86335,86520,86745,86946,87094,87233,87397,87620,88497,89374
"Marion, NC",Msa,NC,126029,127092,127744,128323,128701,129303,129742,130505,131119,131240,132238,133295
"Lewisburg, PA",Msa,PA,182855,183991,185146,186333,187391,188487,189420,190336,191011,191788,191976,192218
"Pullman, WA",Msa,WA,271852,272758,273692,274885,276025,277082,278398,279955,281652,283064,283320,283640
"Thomasville, GA",Msa,GA,137734,138545,139186,139617,139985,140453,140983,141521,141970,142533,142438,142109
"Bemidji, MN",Msa,MN,175039,175608,176453,177425,178169,178766,179435,180026,180811,181395,181640,181678
"Mount Sterling, KY",Msa,KY,107990,108522,108967,109565,110105,110721,111339,112037,112649,113228,113369,113558
"Ottumwa, IA",Msa,IA,85792,86096,86390,86655,86843,87109,87327,87538,87787,88158,88417,88621
"Pahrump, NV",Msa,NV,237028,238102,239118,240619,242396,243815,244682,245488,246324,247064,247708,248483
"Menomonie, WI",Msa,WI,167849,168661,169544,170409,171340,172243,173101,173792,174556,175335,175760,176050
"Selma, AL",Msa,AL,56176,56094,56274,56397,56686,56679,56779,56774,56795,56838,56870,56960
"Rock Springs, WY",Msa,WY,220985,222104,223691,225233,226643,228053,229247,230560,231589,232669,233535,234198
"Bucyrus, OH",Msa,OH,83798,84222,84652,85039,85291,85502,85803,86274,86566,86833,86771,86831
"Bradford, PA",Msa,PA,69078,69504,69966,70392,70793,71159,71453,71733,72028,72303,72427,72454
"Bardstown, KY",Msa,KY,158459,159363,160169,161172,162162,163281,164281,165251,166250,167285,167727,168048
"Cornelia, GA",Msa,GA,157673,158698,160005,161011,162077,163187,164297,165347,166058,166744,166338,165706
"Burley, ID",Msa,ID,188851,190446,192131,193604,194913,196009,196981,197834,199321,199849,200696,200737
"Greenwood, MS",Msa,MS,80695,81243,81787,82344,82653,83058,83442,83852,84379,84880,85483,85852
"Big Rapids, MI",Msa,MI,128155,128875,129517,130132,130715,130991,131284,131451,132075,132590,132834,132861
"Poplar Bluff, MO",Msa,MO,117353,117726,118020,118434,118684,119026,119175,119486,,,,
"Muscatine, IA",Msa,IA,135847,136358,136797,137208,137600,138070,138524,138980,139476,139952,140264,140549
"Alma, MI",Msa,MI,90002,90123,90445,90766,91110,91246,91558,91961,92438,93036,93348,93657
"Durant, OK",Msa,OK,112152,112694,113271,113765,114232,114642,115063,115488,115941,116440,,119415
"Seymour, IN",Msa,IN,138811,139450,140174,140848,141507,142079,142667,143247,143897,144499,144987,145399
"Douglas, GA",Msa,GA,106727,107123,107694,108163,108498,108764,109234,109749,110242,110609,110443,110137
"Willmar, MN",Msa,MN,184305,185112,186077,187010,187858,188613,189347,189748,190172,190644,190505,190363
"Auburn, IN",Msa,IN,133863,134696,135254,135893,137565,139541,141314,142604,143276,143403,144743,146077
"Sedalia, MO",Msa,MO,93812,94058,94074,94579,95197,96076,97084,97807,98754,99563,100198,100509
"Paragould, AR",Msa,AR,108195,108735,109245,109746,110231,110708,111094,111432,111727,112093,112300,112602
"Wilmington, OH",Msa,OH,129047,129652,130470,131393,132326,133233,134156,135066,135885,136727,137184,137596
"Lawrenceburg, TN",Msa,TN,112642,113009,113338,113687,113948,114409,114699,114975,115225,115551,116071,116604
"Warren, PA",Msa,PA,87097,87390,87731,88045,88415,88673,89135,89723,90397,90797,90940,90967
"El Dorado, AR",Msa,AR,77452,77864,78358,78836,79275,79601,79819,79838,80106,80384,80537,80492
"Mountain Home, AR",Msa,AR,128120,128600,129149,129687,130037,130356,130600,131087,131448,131915,132066,132312
"Cedartown, GA",Msa,GA,103672,104583,105463,106159,106762,107432,108144,108839,109459,110230,110378,
"Port Clinton, OH",Msa,OH,171289,171961,172835,173682,174294,174676,175223,176153,177104,177993,178300,178520
"El Campo, TX",Msa,TX,141189,141699,142184,142865,143415,144067,144679,145274,145731,146867,148042,149057
"Montrose, CO",Msa,CO,279021,279867,280699,281820,282790,283928,285108,286341,287383,288122,,286678
"Ellensburg, WA",Msa,WA,326005,327784,329766,331152,332488,333998,335904,337834,340037,341628,341652,341108
"Jacksonville, IL",Msa,IL,95158,95537,95901,96263,96671,97033,97360,97640,97928,98250,98198,98163
"Sandpoint, ID",Msa,ID,351510,354602,357649,360217,362922,365050,367201,368787,370717,372340,374370,376294
"Alice, TX",Msa,TX,98244,97865,97537,97672,98049,98530,98868,99310,99642,100183,100753,101286
"Celina, OH",Msa,OH,154750,155483,156291,157156,158033,158857,159811,160774,161584,162338,162767,163281
"Garden City, KS",Msa,KS,161080,161777,162603,163211,163743,164139,164708,165359,165976,166588,167022,167464
"Marshalltown, IA",Msa,IA,109376,109691,109901,110082,110332,110669,111096,111465,111880,112332,112709,113073
"Aberdeen, SD",Msa,SD,171797,172133,172192,172291,172331,172660,173020,173336,173798,174014,174251,174374
"West Plains, MO",Msa,MO,120582,120719,120900,121384,121957,122224,122484,122543,122965,123718,124415,124930
"Cullowhee, NC",Msa,NC,244513,245374,246545,247793,248885,249785,250503,251256,251653,252141,252051,252094
"Espa?ola, NM",Msa,NM,169391,168890,168771,168720,169537,170148,170543,171123,172079,173131,173926,174513
"Riverton, WY",Msa,WY,208926,209724,210833,212116,213344,214443,215633,216753,217951,219090,219997,220646
"Tifton, GA",Msa,GA,134338,135042,135649,136347,136952,137583,138216,138841,139353,139845,139570,139174
"Urbana, OH",Msa,OH,136542,136966,137514,138366,139284,140219,141104,141885,142545,143160,143483,143759
"Cambridge, OH",Msa,OH,102123,102638,103160,103627,104164,104780,105483,106113,106629,107158,107613,107856
"Okeechobee, FL",Msa,FL,191135,191723,192518,193614,194706,195607,196254,196964,197613,198349,199334,200357
"McMinnville, TN",Msa,TN,112501,112800,112577,112709,113601,114747,115447,115713,116387,117036,117713,118783
"Selinsgrove, PA",Msa,PA,164973,165835,166882,168065,168873,169765,170577,171142,171690,172456,172975,173259
"Natchitoches, LA",Msa,LA,167343,168286,169264,170181,170779,170002,169158,168276,168511,168852,168435,168138
"Berlin, NH",Msa,NH,121429,122068,122649,123194,123744,124018,124392,124779,125489,126052,126005,125989
"Lock Haven, PA",Msa,PA,136959,137554,138266,138970,139779,140454,141172,141700,142215,142706,143014,143373
"Sikeston, MO",Msa,MO,107421,107519,107531,107480,107552,107747,108181,108646,109101,109437,109408,109406
"Austin, MN",Msa,MN,120403,121016,121667,122292,122871,123535,124243,124867,,,,
"Clewiston, FL",Msa,FL,129390,130205,131030,131648,132379,133085,133733,134405,135116,135850,136538,137232
"Pittsburg, KS",Msa,KS,83527,83718,83995,84274,84507,84616,84702,84745,84785,84904,85056,85203
"Defiance, OH",Msa,OH,117655,118219,118755,119419,120154,120821,121538,122321,122984,123648,123983,124366
"Scottsbluff, NE",Msa,NE,136733,137320,137975,138695,139483,140070,140600,140967,141410,141869,,141253
"Logansport, IN",Msa,IN,85081,85430,85721,86039,86407,86796,87287,87691,88014,88308,88537,88820
"Pontiac, IL",Msa,IL,105706,106070,106474,106819,107157,107516,107893,108181,108380,108531,108403,108256
"Hannibal, MO",Msa,MO,122061,122640,123164,123881,124449,124983,125322,125712,126144,126730,126989,127352
"Mount Vernon, IL",Msa,IL,97826,97941,98172,98688,99131,99397,99681,99947,100254,100561,100552,100341
"Houghton, MI",Msa,MI,125993,126203,126420,127226,127801,128357,129059,129866,130754,131499,131965,132172
"Union City, TN",Msa,TN,81798,81968,82251,82483,82724,82905,83084,83218,83394,83553,83789,84049
"Sault Ste. Marie, MI",Msa,MI,106162,106299,106688,107182,107828,108363,109052,109214,109195,108941,109211,109604
"Vincennes, IN",Msa,IN,89189,89797,90439,90926,91442,91864,92144,92339,92600,92937,93227,93428
"Gainesville, TX",Msa,TX,177236,177846,178529,179192,180069,180997,181865,182578,183425,184758,185889,186798
"Dyersburg, TN",Msa,TN,98923,99246,99574,99924,100226,100547,100813,101048,101279,101477,101689,101979
"Kill Devil Hills, NC",Msa,NC,339835,341037,342020,343051,343692,344120,344388,344819,345986,347010,347644,347968
"Crawfordsville, IN",Msa,IN,128328,128993,129753,130423,131045,131694,132348,133017,133584,134190,134706,135222
"Brownwood, TX",Msa,TX,112999,113498,113968,114436,114939,115388,115865,116357,116971,117523,117923,118130
"Stephenville, TX",Msa,TX,167075,167755,168334,168843,169375,169976,170643,171278,172028,172702,173349,173820
"Americus, GA",Msa,GA,86994,87169,87284,87603,87825,88154,88451,88833,89197,89513,89260,88869
"Easton, MD",Msa,MD,312537,312097,310731,310084,308939,310136,312023,313485,313538,313433,313310,314318
"North Platte, NE",Msa,NE,150142,150918,151659,152367,153143,153747,154376,154988,155770,156224,155781,155221
"Newberry, SC",Msa,SC,138046,138509,138937,139360,139901,140502,141131,141924,142369,142881,,142515
"Ada, OK",Msa,OK,97128,96171,96465,96793,97064,97508,98044,98699,99216,99965,101482,103096
"Moscow, ID",Msa,ID,322769,324586,327117,329142,330236,331460,332856,335034,336770,,331980,329987
"Safford, AZ",Msa,AZ,174410,174725,174963,175271,175857,176602,177300,177935,178523,179227,179537,179840
"Murray, KY",Msa,KY,130248,130997,131726,132561,133232,133955,134625,135315,136025,136723,137051,137227
"Bennington, VT",Msa,VT,227142,228256,229490,230742,231737,232570,233504,234614,235781,236223,236392,236617
"Huntington, IN",Msa,IN,116052,116623,117227,117777,118375,118915,119400,119864,120351,120805,121268,121646
"Mayfield, KY",Msa,KY,97560,97950,98275,98909,99437,100023,100458,100900,101360,101828,101990,102085
"Escanaba, MI",Msa,MI,105935,106104,106353,106838,107223,107530,107834,108288,108721,109091,109180,109295
"Canton, IL",Msa,IL,73772,73937,74136,74327,74524,74611,74884,75162,75519,75684,75679,75596
"Corinth, MS",Msa,MS,98558,99066,99624,100160,100570,100876,101114,101311,,,100465,
"Astoria, OR",Msa,OR,351946,353496,355133,356624,358270,359896,361628,363317,364988,366561,367291,368212
"Peru, IN",Msa,IN,84746,85175,85657,86006,86376,86713,87186,87661,88163,88604,88959,89217
"Coshocton, OH",Msa,OH,109164,109825,110486,111204,111836,112389,113018,113655,114308,114949,115202,115370
"Newton, IA",Msa,IA,126248,126602,126985,127361,127701,128188,128712,129296,129957,130611,131091,131447
"Logan, WV",Msa,WV,84619,84918,85197,85512,85715,85808,86218,86617,87367,87976,87715,87226
"Bay City, TX",Msa,TX,151919,152413,152897,153211,153593,153854,154119,154346,154699,155146,155727,156289
"Fremont, NE",Msa,NE,142822,143670,144474,145280,145845,146453,146976,147787,148570,149354,,149092
"Hutchinson, MN",Msa,MN,176901,176662,180137,183789,189607,191917,195125,195309,196153,197224,198355,199906
"Batesville, AR",Msa,AR,93939,94350,94785,95233,95732,96215,96590,96987,97432,97868,98124,98376
"Owatonna, MN",Msa,MN,200264,201108,202099,203152,204136,205129,206224,207229,208251,209207,209402,209438
"Vidalia, GA",Msa,GA,107603,108164,108706,109212,109732,110372,111066,111628,112054,112434,112234,111730
"Summit Park, UT",Msa,UT,783021,786937,790913,792696,792279,792257,793111,794271,800466,801223,803689,802724
"Arkansas City-Winfield, KS",Msa,KS,80321,80391,80540,80947,81323,81670,81888,81835,81709,81582,81559,81498
"Laramie, WY",Msa,WY,235624,236879,238410,240308,242243,243402,244433,245594,247588,249234,250668,251683
"Plainview, TX",Msa,TX,81168,81259,81339,81617,81854,82159,82384,82665,82921,83142,83270,83306
"Big Spring, TX",Msa,TX,124399,124731,125352,126072,127185,128299,129455,130174,131256,132068,132991,133408
"Laurinburg, NC",Msa,NC,76073,76207,76474,76638,76952,77178,77410,77581,77679,77564,77365,77190
"Dixon, IL",Msa,IL,99543,99799,100113,100207,100417,100473,100730,100855,101097,101330,101222,101087
"Alexandria, MN",Msa,MN,226264,227454,228590,229750,230734,231647,232775,233881,235128,236145,236344,236358
"Newport, TN",Msa,TN,111629,112030,112392,112842,113335,113683,114088,114333,114545,114745,115340,116046
"DeRidder, LA",Msa,LA,117831,118123,118286,118723,119194,119839,120249,120686,120978,121136,120997,121354
"Lebanon, MO",Msa,MO,127118,127652,128281,128972,129806,130567,131071,131484,131973,132538,132858,133005
"Coffeyville, KS",Msa,KS,60540,60484,60699,61020,61358,61356,61337,61239,61101,61057,60945,60858
"Seneca Falls, NY",Msa,NY,118970,119460,119965,120539,121115,121598,121940,122338,122838,123385,124168,124931
"Sulphur Springs, TX",Msa,TX,,,,,,,,,,,,
"Martin, TN",Msa,TN,96894,96643,96884,97104,97369,97550,97692,97799,97948,98097,98301,98553
"Susanville, CA",Msa,CA,173770,173747,173802,174266,175080,175784,175757,175326,175012,175254,175378,175402
"Brookhaven, MS",Msa,MS,114603,114983,115883,117079,117945,118328,118485,118731,118882,119176,119684,121196
"Arcadia, FL",Msa,FL,133386,134026,134715,135273,135836,136402,136837,137285,137713,138227,139076,140005
"Taylorville, IL",Msa,IL,84620,84958,85320,85628,85953,86253,86554,86823,87094,87412,87447,87418
"Decatur, IN",Msa,IN,141076,141780,142505,143222,144002,144716,145387,145888,145951,146605,147142,148102
"Junction City, KS",Msa,KS,144126,144603,145095,145590,145940,146373,146671,146783,146605,146570,146767,147185
"Effingham, IL",Msa,IL,145901,146560,147146,147865,148646,149340,150042,150575,151184,151697,151833,151950
"Valley, AL",Msa,AL,68976,69082,69273,69500,69528,69624,69871,70131,70284,70342,70661,71090
"Butte, MT",Msa,MT,140693,141353,141830,142582,143188,143871,144316,144388,144621,144985,146028,146940
"Angola, IN",Msa,IN,173602,174502,175255,176124,177048,177953,178835,179572,,182515,183115,
"Dodge City, KS",Msa,KS,110427,110975,111664,112126,112402,112512,112855,113519,114293,115124,115067,114892
"Brenham, TX",Msa,TX,231467,232449,233577,234484,235560,236526,237687,238864,239976,241308,242017,242757
"Emporia, KS",Msa,KS,106599,106525,106639,107043,107464,107916,108484,108997,109368,109591,109774,109951
"Jackson, OH",Msa,OH,78700,78994,79176,79416,79732,80264,80832,81502,81965,82371,82461,82588
"Frankfort, IN",Msa,IN,108639,109413,110085,110788,111368,111973,112475,112990,113580,114122,114659,115183
"Brevard, NC",Msa,NC,243324,244403,245545,246546,247611,248684,249785,250934,251979,253090,253672,254132
"Taos, NM",Msa,NM,250497,251797,251043,252898,256934,260578,264717,266262,268069,268070,268027,269160
"Malvern, AR",Msa,AR,95944,96467,96902,97294,97733,98074,98334,98532,98882,99336,99485,99614
"Troy, AL",Msa,AL,118739,118761,119038,119383,119870,120395,120586,120489,120154,120543,120884,121512
"Wabash, IN",Msa,IN,109689,110375,111058,111666,112298,112818,113323,113760,114261,114676,115022,115341
"Cambridge, MD",Msa,MD,150069,150312,150840,151572,152250,152805,153440,154237,154957,155684,155283,154651
"Macomb, IL",Msa,IL,75556,75863,76127,76348,76590,76862,77208,77363,77534,77733,77813,77818
"Vernal, UT",Msa,UT,229050,229867,230445,230954,231342,231521,231880,231895,232142,231835,231552,231317
"Kingsville, TX",Msa,TX,106020,106311,106605,106839,107115,107377,107598,107924,,,109804,
"Madison, IN",Msa,IN,126835,127803,128698,129789,130518,130910,131106,131495,131902,132319,132515,133032
"Mount Pleasant, TX",Msa,TX,127941,128423,128887,129439,129881,130352,130794,131213,131929,132570,133227,133521
"Paris, TN",Msa,TN,116236,116692,117156,117535,117972,118326,118661,118883,119099,119294,119648,119995
"Columbus, NE",Msa,NE,172719,173830,174817,175604,176209,177114,178223,179784,181037,181895,181800,181709
"Brookings, SD",Msa,SD,195414,195950,196270,196505,196831,197259,197913,198449,199021,199556,200445,201260
"Kennett, MO",Msa,MO,74363,74730,74937,75221,75391,75590,75761,75995,76267,76550,,75651
"Beeville, TX",Msa,TX,122826,123426,124077,124696,125203,125645,126045,126473,126891,127374,127840,128441
"Miami, OK",Msa,OK,71568,71646,71877,72091,72324,72484,72655,72862,72991,73219,73811,74355
"Dayton, TN",Msa,TN,141778,142414,143042,143655,144147,144716,145244,145777,146085,146426,146935,147457
"Washington, IN",Msa,IN,134809,135535,136185,136840,137698,138451,139333,140047,140793,141415,141891,142406
"Camden, AR",Msa,AR,58107,58632,59046,59405,59943,60255,60449,60648,60910,61214,60615,60123
"Jackson, WY",Msa,WY,641950,644037,647315,651710,656627,665109,673912,682690,688372,689982,691876,693307
"Hastings, NE",Msa,NE,132539,133356,134073,134740,135409,136016,136671,137301,137908,138540,,138322
"Juneau, AK",Msa,AK,386621,388099,389559,390700,391874,393056,394307,395160,396019,397440,398740,399935
"Albert Lea, MN",Msa,MN,116368,116972,117698,118478,119131,119693,120257,120770,121362,121827,122001,
"Lewisburg, TN",Msa,TN,153840,154756,155682,156624,157487,158329,159044,159791,160344,160982,161698,162763
"Iron Mountain, MI",Msa,MI,116212,116396,116774,117166,117652,117941,118364,118791,119498,120340,120807,120967
"Lincoln, IL",Msa,IL,94379,94831,95187,95347,95326,95305,95449,95700,95966,96252,96183,96150
"Jesup, GA",Msa,GA,119056,119558,120019,120709,121274,121881,122397,122963,123487,124047,,123475
"Kirksville, MO",Msa,MO,118106,118414,118709,119122,119738,120390,121157,121677,122083,122126,121995,121892
"Alpena, MI",Msa,MI,99274,99368,99447,99816,100513,101177,101641,101993,102542,103283,103567,103669
"Silver City, NM",Msa,NM,128589,129218,129945,130652,131227,131954,132467,133054,133462,134834,135762,136886
"Indianola, MS",Msa,MS,,61158,61311,61416,61662,61869,62120,62327,62465,62639,62946,63284
"Elkins, WV",Msa,WV,105508,105732,106336,106452,106764,107085,107466,107838,108008,108310,107688,107492
"Las Vegas, NM",Msa,NM,155249,154153,152971,153515,155059,157131,157527,157053,157030,158010,158344,157667
"McPherson, KS",Msa,KS,153358,153776,154164,154491,154915,155760,156479,157367,158152,159196,159626,159824
"Sheridan, WY",Msa,WY,270457,271813,273434,275212,276997,278378,280006,281122,282871,283891,285026,285720
"Washington Court House, OH",Msa,OH,112385,113044,113715,114252,114879,115524,116381,117228,118033,118758,119109,119336
"Bennettsville, SC",Msa,SC,54124,53522,53682,54108,55154,55529,55822,55930,56097,56284,56608,56547
"Van Wert, OH",Msa,OH,99916,100364,100896,101389,101825,102119,102615,103080,103633,104098,104335,104509
"Merrill, WI",Msa,WI,130801,131484,132234,133021,133728,134217,134668,135122,135520,135848,135839,135675
"Ludington, MI",Msa,MI,141571,141938,142420,143202,143920,144631,145325,146009,146660,147258,147535,147695
"Middlesborough, KY",Msa,KY,53310,53764,54210,54244,54329,54392,54601,54881,55360,56094,56379,56558
"Crescent City, CA",Msa,CA,264847,265489,266265,267205,267615,268262,269171,270804,272496,273481,273852,273917
"North Vernon, IN",Msa,IN,122472,123199,123916,124542,125254,125855,126338,126726,127104,127597,128109,128616
"Hays, KS",Msa,KS,174985,175250,175672,176185,176450,176740,177021,177199,177182,177428,177576,178140
"Forrest City, AR",Msa,AR,50433,50603,50713,51013,51231,51282,51253,51366,51663,52062,52298,52488
"Fort Morgan, CO",Msa,CO,216777,217897,219046,220350,221740,223123,224367,225649,226900,228183,228397,228373
"Mineral Wells, TX",Msa,TX,131463,131751,132042,132384,132921,133410,133992,134689,135453,136316,137017,137545
"Breckenridge, CO",Msa,CO,637031,640083,645242,649668,653755,655473,657612,656576,654601,654828,655565,659255
"Bastrop, LA",Msa,LA,56275,56464,56666,56827,56943,57087,57264,57408,57538,57727,57746,57727
"Bainbridge, GA",Msa,GA,100680,101105,101501,101858,102129,102466,102686,102874,103007,103209,103002,102774
"Wauchula, FL",Msa,FL,113404,113542,113915,113990,113980,114037,114455,114989,115506,115962,116536,117008
"Hailey, ID",Msa,ID,482971,486405,489897,493241,496560,499857,502911,505365,507399,,505854,505326
"Great Bend, KS",Msa,KS,79339,79394,79777,80172,79997,79903,80474,80910,81259,81193,81367,81306
"Weatherford, OK",Msa,OK,113196,112561,112955,113264,113703,114024,114243,114460,114792,115561,117026,118468
"Watertown, SD",Msa,SD,196349,197048,197529,198067,198566,199499,200315,201179,201648,202344,202932,203267
"Thomaston, GA",Msa,GA,82464,83007,83611,84108,84609,85111,85589,86062,86267,86545,86334,86127
"Mountain Home, ID",Msa,ID,197640,199146,200714,202284,203897,205382,206504,207534,208629,209857,211392,212807
"Altus, OK",Msa,OK,65448,65591,65825,66051,66264,66390,66507,66664,66775,67010,,68587
"Uvalde, TX",Msa,TX,132685,133207,133981,134673,135561,136418,137136,137661,137913,138291,138553,138712
"Lexington, NE",Msa,NE,135195,136039,136814,137560,138324,139015,139756,140412,141031,141535,,
"Boone, IA",Msa,IA,139364,139874,140387,140897,141496,142192,142982,143695,144470,145174,145645,145916
"Toccoa, GA",Msa,GA,115967,116320,116867,117719,118539,119273,120051,120736,121271,121695,121400,121140
"Summerville, GA",Msa,GA,81671,82222,82918,83794,84637,85451,85960,86470,86844,87209,87048,86696
"Ottawa, KS",Msa,KS,135828,136174,136705,137267,137974,138671,139530,139953,140362,140593,141010,141361
"New Ulm, MN",Msa,MN,155249,155955,156811,157647,158395,159018,159665,160162,160748,161366,161570,161607
"Marshall, MN",Msa,MN,147654,148218,148875,149521,150070,150644,151238,151921,152519,153153,153324,153489
"La Grande, OR",Msa,OR,194476,195086,195819,196607,197245,197875,198507,199211,199843,200432,200773,200895
"Greensburg, IN",Msa,IN,147509,148271,149043,149684,150490,151276,152068,152713,153463,154088,154649,154982
"Mexico, MO",Msa,MO,96380,96758,97184,97709,98275,98762,99162,99495,99768,100352,100750,101286
"Moberly, MO",Msa,MO,94189,94536,94850,95215,95555,95785,96083,96338,96753,97111,97292,97446
"The Dalles, OR",Msa,OR,240412,241187,242088,243382,244623,246095,247696,249471,251161,251710,251234,250697
"Deming, NM",Msa,NM,104438,104387,104453,105310,106249,107178,107717,108057,108435,108804,109324,109568
"Fallon, NV",Msa,NV,239415,240415,241175,242125,243086,244261,245380,246411,247155,247845,248199,248527
"Fredericksburg, TX",Msa,TX,360469,362061,363717,364847,366290,366976,368435,369366,371312,,,
"Magnolia, AR",Msa,AR,87039,87102,87588,88015,88043,87933,87818,88269,88811,89321,89463,89516
"Campbellsville, KY",Msa,KY,105210,105836,106355,106914,107497,108152,108690,109269,109734,110243,110390,109942
"Connersville, IN",Msa,IN,79819,80232,80719,81023,81447,81809,82323,82869,83187,83420,83418,83598
"Dickinson, ND",Msa,ND,263389,264420,265428,265562,265729,265693,266291,266849,267563,268339,267995,267445
"Spearfish, SD",Msa,SD,245486,246492,247372,248490,249271,249812,250229,250899,251781,252445,252922,253544
"Heber, UT",Msa,UT,484663,487968,491246,494250,496871,499527,501826,504306,506619,510044,513523,516918
"Steamboat Springs, CO",Msa,CO,562231,563958,565781,567867,570297,573123,575998,578492,580759,582893,582190,580915
"Cordele, GA",Msa,GA,100503,100992,101644,102193,102733,103061,103433,103805,104176,104442,104052,103500
"Marshall, MO",Msa,MO,92888,92769,92653,93162,93648,94000,93923,93921,93747,93912,93981,94365
"Maryville, MO",Msa,MO,141170,141933,142710,143512,144288,144545,144467,144301,144554,145309,146256,146761
"Arkadelphia, AR",Msa,AR,91804,92240,92914,93847,94547,94941,94984,95156,95210,95571,94099,92914
"Liberal, KS",Msa,KS,121860,121813,122015,122259,122703,122988,123224,123587,124029,124347,124119,123760
"Levelland, TX",Msa,TX,116540,116980,117357,117618,117974,118167,118511,118817,119345,119711,120011,120223
"Wahpeton, ND",Msa,ND,136359,136354,136356,137205,138239,139109,139912,140585,141426,142089,142387,142717
"Mitchell, SD",Msa,SD,161246,161993,162577,163042,163409,164006,164556,165113,165533,165908,166021,166229
"Sterling, CO",Msa,CO,174374,175094,175690,176308,176900,177598,178315,179119,179825,180354,179961,179557
"Pampa, TX",Msa,TX,65429,65572,65627,65689,65782,66083,66370,66586,66569,66484,66426,66389
"Yankton, SD",Msa,SD,177031,177554,178042,178537,179087,179581,180174,180767,181263,181416,181457,181521
"Williston, ND",Msa,ND,263589,265694,267588,270107,271705,273811,274868,276389,277214,278525,278450,278772
"Oskaloosa, IA",Msa,IA,115713,116084,116361,116609,116909,117283,117660,118060,118618,119321,119714,119983
"Brookings, OR",Msa,OR,313806,314776,315916,317371,318778,320099,321552,323075,324526,325394,325542,325469
"Hood River, OR",Msa,OR,448233,450402,452771,455015,457263,459202,461206,463272,465284,467397,467908,468553
"Beatrice, NE",Msa,NE,108686,109272,109780,109981,110156,110355,111018,111587,112172,112647,112536,112304
"Borger, TX",Msa,TX,71878,72051,72157,72357,72617,72839,73020,73077,73184,73328,73618,73877
"Raymondville, TX",Msa,TX,70571,70648,70917,71164,71559,71751,72043,72892,73859,74826,73808,72617
"Elk City, OK",Msa,OK,,,109378,109564,109653,109725,109881,110059,110225,110661,111763,112927
"Grenada, MS",Msa,MS,,,,,,,,,,,,
"Dumas, TX",Msa,TX,124084,124823,125599,126328,126796,126889,126932,127204,128014,129022,130217,130873
"Helena, AR",Msa,AR,30432,30376,30485,30461,30378,30365,30175,30079,29950,30119,30251,30428
"Parsons, KS",Msa,KS,,,,,,,,,,,,
"Port Lavaca, TX",Msa,TX,142757,143433,144005,144507,145061,145548,146049,146573,147406,148047,148473,148553
"Worthington, MN",Msa,MN,131693,131970,132639,133311,134034,134688,135649,136536,137494,138025,137811,137459
"Pierre, SD",Msa,SD,206951,207774,208550,209240,209935,210398,211009,211393,212019,212625,213174,213696
"Evanston, WY",Msa,WY,198967,199809,200930,202065,203147,203971,204806,205498,206146,206735,207216,207677
"Jamestown, ND",Msa,ND,169373,170130,170968,171614,172241,172848,173755,174740,175625,176149,175918,175626
"Prineville, OR",Msa,OR,265638,266903,268175,269598,270997,272584,274222,276030,277710,279378,280422,281576
"Guymon, OK",Msa,OK,,101064,101175,101309,101505,101740,101981,102316,102682,103074,104189,105256
"Storm Lake, IA",Msa,IA,119773,120313,120811,121094,121349,121595,121900,122209,122725,123393,123959,124329
"Woodward, OK",Msa,OK,104727,105038,105441,105800,105854,105978,106123,106333,106582,107095,108523,109923
"Portales, NM",Msa,NM,97350,97530,98128,98599,98746,98973,99307,99726,100497,101178,101713,102242
"Hereford, TX",Msa,TX,90854,91321,91626,92202,92723,93183,93599,94302,94926,95434,95660,96061
"Othello, WA",Msa,WA,187286,187986,188758,189592,190543,191556,192378,193407,194690,196091,196279,196338
"Los Alamos, NM",Msa,NM,293010,294854,296944,298997,301505,304086,307134,309761,310639,310858,310831,312156
"Fitzgerald, GA",Msa,GA,78586,79135,79387,79694,79965,80315,80576,80782,80900,81140,81000,80674
"Maysville, KY",Msa,KY,91487,91865,92371,92830,93216,93774,94363,94864,95120,95230,95047,94989
"Atchison, KS",Msa,KS,93376,93023,92761,93117,93397,93795,93987,94132,94108,94153,94345,94445
"Snyder, TX",Msa,TX,98176,98529,98927,99196,99551,99872,100215,100537,101009,101511,101923,102264
"Fairfield, IA",Msa,IA,120793,121354,121914,122612,123211,123605,124040,124580,125093,125682,126023,126608
"Spencer, IA",Msa,IA,123936,124356,124706,125235,125711,126153,126558,126989,127568,128191,128643,129101
"Spirit Lake, IA",Msa,IA,232705,233699,234573,235474,236292,237039,237794,238476,239274,239974,240391,241035
"Vineyard Haven, MA",Msa,MA,818937,820516,823000,825786,828643,832031,835656,839599,842971,846903,848206,849492
"Winnemucca, NV",Msa,NV,246426,247175,248085,248289,248270,248001,248133,248148,247676,246888,245662,245220
"Sweetwater, TX",Msa,TX,79032,79315,79535,79679,79694,79905,80289,80782,81406,81998,82325,82339
"Andrews, TX",Msa,TX,163957,164893,165785,166695,167556,168250,169225,170381,171683,172794,173627,174497
"Zapata, TX",Msa,TX,91529,92609,93254,93944,94292,94687,94689,94742,94344,93906,93466,93306
"Vermillion, SD",Msa,SD,173292,173547,173328,173592,174220,175907,177179,178164,178231,178732,178832,179081
"Lamesa, TX",Msa,TX,72546,72955,73422,74003,74536,74999,75284,75531,75823,76249,76687,76930
"Craig, CO",Msa,CO,204685,204892,205087,204991,204732,204597,204589,204905,205304,205948,205585,204952
"Pecos, TX",Msa,TX,,,,,,,,,,,,124856
"Vernon, TX",Msa,TX,72130,72266,72418,72538,72633,72700,72775,72818,72772,72844,72901,73077
"Ketchikan, AK",Msa,AK,298570,299967,301092,302315,303559,304859,306494,307823,309387,310537,311284,311748
